episode,return,length,wall_time,sigma_mean,actor_loss,critic_loss,baseline,mean_value,mean_td_error,actor_lr,critic_lr
1,12.53,26,0.01,0.974077,,,,,,0.001,
2,5.23,24,0.03,0.974077,,,,,,0.001,
3,68.19,79,0.07,0.974077,,,,,,0.001,
4,81.48,58,0.12,0.974077,,,,,,0.001,
5,45.01,55,0.26,0.974285,0.911519,,20.201012,,,0.001,
6,19.07,28,0.34,0.974285,,,,,,0.001,
7,45.42,57,0.39,0.974285,,,,,,0.001,
8,66.82,61,0.44,0.974285,,,,,,0.001,
9,110.46,92,0.5,0.974285,,,,,,0.001,
10,5.53,22,0.6,0.974183,-2.08434,,24.432274,,,0.001,
11,21.19,44,0.62,0.974183,,,,,,0.001,
12,166.39,111,0.72,0.974183,,,,,,0.001,
13,9.9,17,0.73,0.974183,,,,,,0.001,
14,103.55,82,0.88,0.974183,,,,,,0.001,
15,18.2,26,1.07,0.974064,-1.010051,,37.937832,,,0.001,
16,13.86,18,1.08,0.974064,,,,,,0.001,
17,11.31,25,1.1,0.974064,,,,,,0.001,
18,110.9,66,1.13,0.974064,,,,,,0.001,
19,52.04,39,1.16,0.974064,,,,,,0.001,
20,33.04,29,1.32,0.974022,2.344255,,28.23974,,,0.001,
21,15.68,28,1.33,0.974022,,,,,,0.001,
22,318.9,254,1.58,0.974022,,,,,,0.001,
23,34.99,38,1.62,0.974022,,,,,,0.001,
24,30.48,43,1.65,0.974022,,,,,,0.001,
25,164.56,92,1.93,0.973973,-0.482985,,63.433086,,,0.001,
26,236.82,123,2.04,0.973973,,,,,,0.001,
27,56.04,51,2.08,0.973973,,,,,,0.001,
28,172.95,143,2.17,0.973973,,,,,,0.001,
29,240.82,160,2.31,0.973973,,,,,,0.001,
30,52.41,61,2.71,0.973955,-0.913442,,64.207481,,,0.001,
31,128.06,87,2.8,0.973955,,,,,,0.001,
32,143.16,84,2.87,0.973955,,,,,,0.001,
33,11.7,14,2.88,0.973955,,,,,,0.001,
34,38.89,42,2.91,0.973955,,,,,,0.001,
35,214.48,152,3.13,0.973894,-2.154232,,56.485546,,,0.001,
36,92.69,53,3.16,0.973894,,,,,,0.001,
37,58.16,48,3.19,0.973894,,,,,,0.001,
38,16.78,17,3.19,0.973894,,,,,,0.001,
39,143.33,72,3.25,0.973894,,,,,,0.001,
40,126.1,69,3.44,0.973828,-0.787596,,48.471012,,,0.001,
41,242.24,115,3.52,0.973828,,,,,,0.001,
42,132.88,86,3.6,0.973828,,,,,,0.001,
43,212.54,127,3.69,0.973828,,,,,,0.001,
44,138.0,83,3.73,0.973828,,,,,,0.001,
45,138.49,73,3.94,0.973827,1.906549,,73.440514,,,0.001,
46,126.36,66,3.98,0.973827,,,,,,0.001,
47,182.36,118,4.09,0.973827,,,,,,0.001,
48,165.94,105,4.15,0.973827,,,,,,0.001,
49,144.46,73,4.19,0.973827,,,,,,0.001,
50,223.22,116,4.44,0.973826,0.149566,,73.051666,,,0.001,
51,124.83,73,4.8,0.973826,,,,,,0.001,
52,156.53,75,4.84,0.973826,,,,,,0.001,
53,111.05,60,4.87,0.973826,,,,,,0.001,
54,140.98,76,4.92,0.973826,,,,,,0.001,
55,122.74,76,5.09,0.973855,0.702856,,60.215263,,,0.001,
56,169.35,84,5.16,0.973855,,,,,,0.001,
57,129.85,86,5.23,0.973855,,,,,,0.001,
58,183.9,108,5.34,0.973855,,,,,,0.001,
59,116.59,63,5.37,0.973855,,,,,,0.001,
60,76.13,46,5.54,0.973902,1.496886,,62.967777,,,0.001,
61,151.93,96,5.61,0.973902,,,,,,0.001,
62,156.41,83,5.67,0.973902,,,,,,0.001,
63,153.61,85,5.75,0.973902,,,,,,0.001,
64,129.6,79,5.8,0.973902,,,,,,0.001,
65,166.54,89,5.99,0.973967,1.855037,,64.890282,,,0.001,
66,160.15,113,6.07,0.973967,,,,,,0.001,
67,232.05,123,6.16,0.973967,,,,,,0.001,
68,176.79,106,6.23,0.973967,,,,,,0.001,
69,190.95,92,6.33,0.973967,,,,,,0.001,
70,126.79,71,6.55,0.974033,0.390519,,73.5588,,,0.001,
71,117.88,63,6.59,0.974033,,,,,,0.001,
72,88.62,54,6.64,0.974033,,,,,,0.001,
73,180.58,103,6.72,0.974033,,,,,,0.001,
74,128.79,70,6.76,0.974033,,,,,,0.001,
75,181.66,114,6.98,0.974108,0.660697,,62.327179,,,0.001,
76,236.4,134,7.09,0.974108,,,,,,0.001,
77,215.7,95,7.16,0.974108,,,,,,0.001,
78,199.77,94,7.22,0.974108,,,,,,0.001,
79,260.31,139,7.3,0.974108,,,,,,0.001,
80,145.92,100,7.58,0.974212,1.970359,,87.64476,,,0.001,
81,263.46,122,7.64,0.974212,,,,,,0.001,
82,156.5,95,7.73,0.974212,,,,,,0.001,
83,196.01,105,7.8,0.974212,,,,,,0.001,
84,287.33,172,7.89,0.974212,,,,,,0.001,
85,208.17,91,8.15,0.974163,-5.540652,,89.000458,,,0.001,
86,250.83,115,8.23,0.974163,,,,,,0.001,
87,277.96,159,8.38,0.974163,,,,,,0.001,
88,241.04,125,8.47,0.974163,,,,,,0.001,
89,101.42,58,8.52,0.974163,,,,,,0.001,
90,180.37,101,8.83,0.974184,2.876024,,88.584518,,,0.001,
91,209.36,106,8.91,0.974184,,,,,,0.001,
92,126.77,66,8.96,0.974184,,,,,,0.001,
93,238.19,113,9.04,0.974184,,,,,,0.001,
94,102.63,62,9.08,0.974184,,,,,,0.001,
95,223.85,104,9.38,0.974228,2.186612,,80.094254,,,0.001,
96,237.26,114,9.47,0.974228,,,,,,0.001,
97,236.43,118,9.56,0.974228,,,,,,0.001,
98,255.01,133,9.63,0.974228,,,,,,0.001,
99,242.41,120,9.7,0.974228,,,,,,0.001,
100,113.5,64,9.94,0.974266,-0.284685,,90.20546,,,0.001,
101,70.39,44,10.42,0.974266,,,,,,0.001,
102,204.41,102,10.49,0.974266,,,,,,0.001,
103,159.23,83,10.53,0.974266,,,,,,0.001,
104,256.89,138,10.61,0.974266,,,,,,0.001,
105,247.12,129,10.85,0.974293,-0.880677,,82.566963,,,0.001,
106,192.56,88,10.9,0.974293,,,,,,0.001,
107,192.49,91,10.95,0.974293,,,,,,0.001,
108,124.12,65,10.98,0.974293,,,,,,0.001,
109,30.4,24,11.0,0.974293,,,,,,0.001,
110,242.93,127,11.23,0.974335,1.606332,,78.630318,,,0.001,
111,211.88,100,11.36,0.974335,,,,,,0.001,
112,91.68,63,11.41,0.974335,,,,,,0.001,
113,214.16,99,11.47,0.974335,,,,,,0.001,
114,83.9,52,11.5,0.974335,,,,,,0.001,
115,234.64,119,11.83,0.97436,-0.229279,,77.833267,,,0.001,
116,212.88,95,11.98,0.97436,,,,,,0.001,
117,218.56,101,12.1,0.97436,,,,,,0.001,
118,209.79,93,12.17,0.97436,,,,,,0.001,
119,212.28,102,12.24,0.97436,,,,,,0.001,
120,215.57,103,12.68,0.974336,-2.346174,,90.781342,,,0.001,
121,212.59,98,12.79,0.974336,,,,,,0.001,
122,254.46,132,12.93,0.974336,,,,,,0.001,
123,214.75,100,13.01,0.974336,,,,,,0.001,
124,219.17,96,13.07,0.974336,,,,,,0.001,
125,192.76,99,13.33,0.974298,-1.68268,,90.893211,,,0.001,
126,225.64,111,13.43,0.974298,,,,,,0.001,
127,176.7,97,13.52,0.974298,,,,,,0.001,
128,237.5,118,13.61,0.974298,,,,,,0.001,
129,103.36,58,13.65,0.974298,,,,,,0.001,
130,222.89,101,13.88,0.974203,-4.258448,,83.166206,,,0.001,
131,242.88,128,13.98,0.974203,,,,,,0.001,
132,218.18,101,14.07,0.974203,,,,,,0.001,
133,258.57,136,14.18,0.974203,,,,,,0.001,
134,220.9,95,14.26,0.974203,,,,,,0.001,
135,243.42,121,14.61,0.974106,0.008581,,93.989624,,,0.001,
136,225.6,105,14.69,0.974106,,,,,,0.001,
137,204.18,91,14.76,0.974106,,,,,,0.001,
138,221.12,101,14.84,0.974106,,,,,,0.001,
139,262.73,142,14.93,0.974106,,,,,,0.001,
140,222.84,104,15.3,0.974036,0.456671,,93.487663,,,0.001,
141,242.5,120,15.41,0.974036,,,,,,0.001,
142,225.3,106,15.51,0.974036,,,,,,0.001,
143,233.06,108,15.58,0.974036,,,,,,0.001,
144,239.79,117,15.66,0.974036,,,,,,0.001,
145,270.47,150,15.99,0.973975,0.371165,,94.481606,,,0.001,
146,232.81,120,16.14,0.973975,,,,,,0.001,
147,267.31,146,16.31,0.973975,,,,,,0.001,
148,216.25,95,16.39,0.973975,,,,,,0.001,
149,245.25,122,16.49,0.973975,,,,,,0.001,
150,232.71,113,16.9,0.973934,0.694263,,94.039871,,,0.001,
151,267.7,139,17.72,0.973934,,,,,,0.001,
152,220.58,99,17.8,0.973934,,,,,,0.001,
153,238.86,110,17.89,0.973934,,,,,,0.001,
154,208.04,96,17.97,0.973934,,,,,,0.001,
155,212.4,95,18.35,0.973917,1.188972,,95.198135,,,0.001,
156,216.09,131,18.61,0.973917,,,,,,0.001,
157,230.14,109,18.7,0.973917,,,,,,0.001,
158,202.7,131,18.89,0.973917,,,,,,0.001,
159,255.92,139,19.13,0.973917,,,,,,0.001,
160,228.7,111,19.72,0.973909,0.517553,,85.50708,,,0.001,
161,255.68,134,19.99,0.973909,,,,,,0.001,
162,264.55,136,20.23,0.973909,,,,,,0.001,
163,237.56,116,20.43,0.973909,,,,,,0.001,
164,236.88,132,20.61,0.973909,,,,,,0.001,
165,282.5,157,21.01,0.973943,2.12116,,93.974541,,,0.001,
166,232.5,119,21.14,0.973943,,,,,,0.001,
167,221.5,116,21.22,0.973943,,,,,,0.001,
168,258.73,135,21.33,0.973943,,,,,,0.001,
169,269.37,148,21.42,0.973943,,,,,,0.001,
170,234.38,116,21.87,0.973939,-1.391308,,91.833641,,,0.001,
171,276.16,147,22.06,0.973939,,,,,,0.001,
172,245.46,117,22.14,0.973939,,,,,,0.001,
173,233.62,109,22.2,0.973939,,,,,,0.001,
174,234.62,113,22.28,0.973939,,,,,,0.001,
175,229.84,111,22.58,0.973927,-0.501283,,95.11721,,,0.001,
176,58.13,39,22.63,0.973927,,,,,,0.001,
177,237.93,114,22.78,0.973927,,,,,,0.001,
178,273.04,175,22.93,0.973927,,,,,,0.001,
179,243.39,124,23.02,0.973927,,,,,,0.001,
180,255.78,127,23.37,0.973906,-0.947862,,87.978401,,,0.001,
181,263.94,135,23.51,0.973906,,,,,,0.001,
182,241.55,120,23.61,0.973906,,,,,,0.001,
183,242.31,114,23.7,0.973906,,,,,,0.001,
184,258.34,131,23.77,0.973906,,,,,,0.001,
185,289.64,161,24.12,0.973862,-1.444712,,95.721741,,,0.001,
186,252.84,110,24.22,0.973862,,,,,,0.001,
187,334.18,217,24.4,0.973862,,,,,,0.001,
188,293.63,182,24.52,0.973862,,,,,,0.001,
189,249.68,125,24.6,0.973862,,,,,,0.001,
190,217.49,115,24.98,0.973899,2.75771,,96.292351,,,0.001,
191,243.02,125,25.08,0.973899,,,,,,0.001,
192,218.29,139,25.18,0.973899,,,,,,0.001,
193,230.05,129,25.28,0.973899,,,,,,0.001,
194,293.83,150,25.35,0.973899,,,,,,0.001,
195,243.06,114,25.67,0.973939,0.424686,,90.325645,,,0.001,
196,112.54,98,25.76,0.973939,,,,,,0.001,
197,329.05,196,25.9,0.973939,,,,,,0.001,
198,201.38,114,25.97,0.973939,,,,,,0.001,
199,309.97,187,26.08,0.973939,,,,,,0.001,
200,178.85,124,26.42,0.973932,-1.365094,,83.543755,,,0.001,
201,285.2,151,27.19,0.973932,,,,,,0.001,
202,213.29,100,27.27,0.973932,,,,,,0.001,
203,238.93,126,27.36,0.973932,,,,,,0.001,
204,268.1,134,27.42,0.973932,,,,,,0.001,
205,337.04,170,27.75,0.973887,-1.634545,,101.229576,,,0.001,
206,267.05,143,27.84,0.973887,,,,,,0.001,
207,293.1,134,27.92,0.973887,,,,,,0.001,
208,322.72,176,28.03,0.973887,,,,,,0.001,
209,241.92,146,28.11,0.973887,,,,,,0.001,
210,339.2,209,28.74,0.973867,1.183541,,100.026047,,,0.001,
211,301.32,175,28.94,0.973867,,,,,,0.001,
212,291.16,173,29.1,0.973867,,,,,,0.001,
213,296.85,145,29.26,0.973867,,,,,,0.001,
214,277.96,160,29.43,0.973867,,,,,,0.001,
215,246.97,136,29.92,0.973929,4.567529,,97.698524,,,0.001,
216,291.04,166,30.07,0.973929,,,,,,0.001,
217,291.14,165,30.19,0.973929,,,,,,0.001,
218,336.91,179,30.31,0.973929,,,,,,0.001,
219,171.66,102,30.37,0.973929,,,,,,0.001,
220,321.59,169,30.75,0.973993,0.52397,,99.075455,,,0.001,
221,300.8,157,30.86,0.973993,,,,,,0.001,
222,332.51,207,31.0,0.973993,,,,,,0.001,
223,311.09,161,31.09,0.973993,,,,,,0.001,
224,248.6,127,31.17,0.973993,,,,,,0.001,
225,259.63,133,31.53,0.974045,-0.235668,,99.453049,,,0.001,
226,275.99,151,31.66,0.974045,,,,,,0.001,
227,337.24,199,31.78,0.974045,,,,,,0.001,
228,312.0,181,31.89,0.974045,,,,,,0.001,
229,303.77,184,32.0,0.974045,,,,,,0.001,
230,253.54,163,32.41,0.974092,-0.082371,,96.829895,,,0.001,
231,242.43,133,32.54,0.974092,,,,,,0.001,
232,55.07,40,32.57,0.974092,,,,,,0.001,
233,270.96,153,32.66,0.974092,,,,,,0.001,
234,410.3,230,32.8,0.974092,,,,,,0.001,
235,303.07,163,33.15,0.974175,1.471501,,100.572174,,,0.001,
236,343.52,175,33.28,0.974175,,,,,,0.001,
237,329.36,139,33.4,0.974175,,,,,,0.001,
238,319.84,198,33.51,0.974175,,,,,,0.001,
239,301.76,207,33.71,0.974175,,,,,,0.001,
240,364.09,196,34.14,0.974262,0.674845,,106.610092,,,0.001,
241,347.16,210,34.29,0.974262,,,,,,0.001,
242,382.74,214,34.41,0.974262,,,,,,0.001,
243,290.61,166,34.52,0.974262,,,,,,0.001,
244,343.4,203,34.64,0.974262,,,,,,0.001,
245,274.54,145,35.05,0.974353,0.623087,,103.556908,,,0.001,
246,366.55,199,35.2,0.974353,,,,,,0.001,
247,346.01,201,35.34,0.974353,,,,,,0.001,
248,382.54,254,35.48,0.974353,,,,,,0.001,
249,289.48,162,35.59,0.974353,,,,,,0.001,
250,328.4,162,36.03,0.974386,-1.949323,,106.569092,,,0.001,
251,294.59,142,37.08,0.974386,,,,,,0.001,
252,381.52,224,37.2,0.974386,,,,,,0.001,
253,345.15,192,37.31,0.974386,,,,,,0.001,
254,401.31,252,37.48,0.974386,,,,,,0.001,
255,351.86,192,37.91,0.974396,-0.868319,,108.953438,,,0.001,
256,144.28,109,37.98,0.974396,,,,,,0.001,
257,378.67,226,38.15,0.974396,,,,,,0.001,
258,265.63,144,38.27,0.974396,,,,,,0.001,
259,317.22,172,38.41,0.974396,,,,,,0.001,
260,342.58,189,38.92,0.974419,0.339217,,97.651375,,,0.001,
261,340.74,199,39.07,0.974419,,,,,,0.001,
262,419.17,246,39.26,0.974419,,,,,,0.001,
263,409.61,241,39.45,0.974419,,,,,,0.001,
264,359.03,193,39.57,0.974419,,,,,,0.001,
265,355.35,168,40.02,0.974373,-1.825391,,113.697739,,,0.001,
266,339.53,175,40.16,0.974373,,,,,,0.001,
267,331.27,197,40.28,0.974373,,,,,,0.001,
268,359.35,235,40.42,0.974373,,,,,,0.001,
269,101.97,85,40.47,0.974373,,,,,,0.001,
270,318.76,191,40.89,0.974315,-0.803497,,96.623993,,,0.001,
271,329.19,186,41.02,0.974315,,,,,,0.001,
272,355.47,191,41.15,0.974315,,,,,,0.001,
273,275.94,161,41.29,0.974315,,,,,,0.001,
274,425.85,245,41.48,0.974315,,,,,,0.001,
275,356.64,209,42.05,0.974204,-2.268753,,108.265121,,,0.001,
276,449.58,261,42.28,0.974204,,,,,,0.001,
277,332.03,174,42.44,0.974204,,,,,,0.001,
278,348.13,165,42.56,0.974204,,,,,,0.001,
279,421.07,247,42.74,0.974204,,,,,,0.001,
280,400.75,240,43.38,0.974114,0.656887,,115.409042,,,0.001,
281,362.11,230,43.56,0.974114,,,,,,0.001,
282,388.95,216,43.71,0.974114,,,,,,0.001,
283,384.19,224,43.88,0.974114,,,,,,0.001,
284,398.23,229,44.04,0.974114,,,,,,0.001,
285,348.52,200,44.66,0.974012,-0.757847,,111.059372,,,0.001,
286,360.02,228,44.84,0.974012,,,,,,0.001,
287,416.2,244,45.01,0.974012,,,,,,0.001,
288,381.92,209,45.15,0.974012,,,,,,0.001,
289,178.89,126,45.24,0.974012,,,,,,0.001,
290,82.29,54,45.65,0.973855,-1.840183,,100.78537,,,0.001,
291,384.67,215,45.83,0.973855,,,,,,0.001,
292,340.74,187,45.97,0.973855,,,,,,0.001,
293,419.09,238,46.14,0.973855,,,,,,0.001,
294,367.53,237,46.31,0.973855,,,,,,0.001,
295,350.92,179,46.85,0.973703,-0.294055,,111.447533,,,0.001,
296,461.71,289,47.06,0.973703,,,,,,0.001,
297,160.75,113,47.13,0.973703,,,,,,0.001,
298,409.07,241,47.26,0.973703,,,,,,0.001,
299,394.31,233,47.5,0.973703,,,,,,0.001,
300,395.58,210,47.98,0.973557,-0.640192,,108.86071,,,0.001,
301,365.72,204,49.16,0.973557,,,,,,0.001,
302,353.4,172,49.29,0.973557,,,,,,0.001,
303,325.48,162,49.43,0.973557,,,,,,0.001,
304,366.28,185,49.57,0.973557,,,,,,0.001,
305,356.59,197,50.09,0.973387,-1.838883,,113.914955,,,0.001,
306,377.76,211,50.33,0.973387,,,,,,0.001,
307,274.99,181,50.54,0.973387,,,,,,0.001,
308,347.97,197,50.71,0.973387,,,,,,0.001,
309,395.67,216,50.87,0.973387,,,,,,0.001,
310,424.38,247,51.64,0.973213,-0.878476,,109.29435,,,0.001,
311,399.51,236,51.81,0.973213,,,,,,0.001,
312,362.4,185,51.92,0.973213,,,,,,0.001,
313,375.91,206,52.04,0.973213,,,,,,0.001,
314,415.22,248,52.18,0.973213,,,,,,0.001,
315,223.53,141,52.61,0.973154,3.134513,,108.670105,,,0.001,
316,347.86,177,52.72,0.973154,,,,,,0.001,
317,387.29,219,52.86,0.973154,,,,,,0.001,
318,364.34,193,52.97,0.973154,,,,,,0.001,
319,451.86,267,53.12,0.973154,,,,,,0.001,
320,392.33,224,53.65,0.973135,1.218628,,115.21772,,,0.001,
321,333.0,203,53.8,0.973135,,,,,,0.001,
322,406.9,245,53.94,0.973135,,,,,,0.001,
323,406.43,223,54.07,0.973135,,,,,,0.001,
324,382.62,214,54.19,0.973135,,,,,,0.001,
325,372.61,189,54.78,0.973108,-0.415177,,113.008507,,,0.001,
326,220.18,147,54.89,0.973108,,,,,,0.001,
327,367.03,200,55.04,0.973108,,,,,,0.001,
328,339.95,188,55.17,0.973108,,,,,,0.001,
329,362.47,186,55.31,0.973108,,,,,,0.001,
330,425.17,272,55.82,0.973224,4.062204,,106.615402,,,0.001,
331,55.4,42,55.86,0.973224,,,,,,0.001,
332,336.58,182,56.01,0.973224,,,,,,0.001,
333,400.68,240,56.15,0.973224,,,,,,0.001,
334,323.99,177,56.26,0.973224,,,,,,0.001,
335,373.96,201,56.68,0.973355,1.675577,,105.730545,,,0.001,
336,374.53,202,56.84,0.973355,,,,,,0.001,
337,283.97,173,56.94,0.973355,,,,,,0.001,
338,387.55,218,57.08,0.973355,,,,,,0.001,
339,373.37,186,57.2,0.973355,,,,,,0.001,
340,391.58,227,57.82,0.973446,-1.454908,,112.089478,,,0.001,
341,267.38,137,57.91,0.973446,,,,,,0.001,
342,321.06,199,58.05,0.973446,,,,,,0.001,
343,395.45,210,58.21,0.973446,,,,,,0.001,
344,57.03,40,58.24,0.973446,,,,,,0.001,
345,345.48,194,58.63,0.973523,-0.550664,,103.256538,,,0.001,
346,347.7,190,58.81,0.973523,,,,,,0.001,
347,365.93,211,58.93,0.973523,,,,,,0.001,
348,357.39,211,59.06,0.973523,,,,,,0.001,
349,407.65,217,59.18,0.973523,,,,,,0.001,
350,338.9,173,59.61,0.973625,1.91886,,111.73513,,,0.001,
351,322.78,176,60.82,0.973625,,,,,,0.001,
352,376.54,204,60.98,0.973625,,,,,,0.001,
353,360.28,192,61.11,0.973625,,,,,,0.001,
354,317.08,181,61.25,0.973625,,,,,,0.001,
355,404.48,214,61.8,0.973722,0.233645,,112.890923,,,0.001,
356,371.3,181,62.0,0.973722,,,,,,0.001,
357,173.81,103,62.1,0.973722,,,,,,0.001,
358,377.22,189,62.33,0.973722,,,,,,0.001,
359,164.87,110,62.42,0.973722,,,,,,0.001,
360,351.16,180,63.07,0.973834,1.500812,,103.143501,,,0.001,
361,346.41,204,63.31,0.973834,,,,,,0.001,
362,358.25,198,63.44,0.973834,,,,,,0.001,
363,392.62,211,63.55,0.973834,,,,,,0.001,
364,263.47,163,63.66,0.973834,,,,,,0.001,
365,350.29,195,64.1,0.973924,-0.601494,,106.286835,,,0.001,
366,371.26,186,64.24,0.973924,,,,,,0.001,
367,358.63,183,64.37,0.973924,,,,,,0.001,
368,139.09,97,64.43,0.973924,,,,,,0.001,
369,312.68,165,64.51,0.973924,,,,,,0.001,
370,325.7,158,64.88,0.974019,1.127625,,106.850487,,,0.001,
371,390.04,202,65.03,0.974019,,,,,,0.001,
372,389.0,189,65.15,0.974019,,,,,,0.001,
373,329.55,166,65.25,0.974019,,,,,,0.001,
374,352.16,188,65.4,0.974019,,,,,,0.001,
375,345.62,186,65.82,0.974088,-0.967433,,115.630508,,,0.001,
376,261.93,138,65.92,0.974088,,,,,,0.001,
377,423.6,224,66.07,0.974088,,,,,,0.001,
378,370.15,190,66.23,0.974088,,,,,,0.001,
379,358.23,183,66.37,0.974088,,,,,,0.001,
380,427.82,255,66.97,0.974145,-0.038649,,115.049553,,,0.001,
381,393.04,196,67.11,0.974145,,,,,,0.001,
382,373.93,189,67.27,0.974145,,,,,,0.001,
383,380.74,219,67.45,0.974145,,,,,,0.001,
384,359.31,177,67.58,0.974145,,,,,,0.001,
385,206.17,131,68.06,0.97416,-2.025501,,111.528488,,,0.001,
386,202.13,117,68.17,0.97416,,,,,,0.001,
387,362.91,178,68.32,0.97416,,,,,,0.001,
388,349.62,169,68.42,0.97416,,,,,,0.001,
389,390.75,199,68.54,0.97416,,,,,,0.001,
390,377.5,197,68.94,0.974188,0.940345,,113.567566,,,0.001,
391,355.02,179,69.07,0.974188,,,,,,0.001,
392,366.96,202,69.2,0.974188,,,,,,0.001,
393,360.09,179,69.3,0.974188,,,,,,0.001,
394,311.43,143,69.41,0.974188,,,,,,0.001,
395,373.37,201,69.82,0.974239,1.401483,,115.89286,,,0.001,
396,349.39,186,69.94,0.974239,,,,,,0.001,
397,337.76,184,70.04,0.974239,,,,,,0.001,
398,340.74,169,70.13,0.974239,,,,,,0.001,
399,240.37,137,70.24,0.974239,,,,,,0.001,
400,345.34,152,70.68,0.974249,-1.75648,,109.278221,,,0.001,
401,303.21,170,71.78,0.974249,,,,,,0.001,
402,332.81,157,71.9,0.974249,,,,,,0.001,
403,331.28,167,72.05,0.974249,,,,,,0.001,
404,381.19,197,72.21,0.974249,,,,,,0.001,
405,349.08,179,72.78,0.974243,-0.751504,,112.925537,,,0.001,
406,189.74,112,72.94,0.974243,,,,,,0.001,
407,225.57,134,73.07,0.974243,,,,,,0.001,
408,352.43,172,73.18,0.974243,,,,,,0.001,
409,327.07,153,73.38,0.974243,,,,,,0.001,
410,340.36,185,74.01,0.974211,-1.272022,,101.84491,,,0.001,
411,330.36,164,74.25,0.974211,,,,,,0.001,
412,277.32,146,74.35,0.974211,,,,,,0.001,
413,333.08,156,74.45,0.974211,,,,,,0.001,
414,273.08,164,74.55,0.974211,,,,,,0.001,
415,347.6,186,74.96,0.974183,-0.154479,,106.286247,,,0.001,
416,325.61,180,75.13,0.974183,,,,,,0.001,
417,397.75,220,75.43,0.974183,,,,,,0.001,
418,303.48,178,75.55,0.974183,,,,,,0.001,
419,338.31,161,75.68,0.974183,,,,,,0.001,
420,329.73,160,76.29,0.974173,0.380853,,109.656952,,,0.001,
421,329.78,161,76.49,0.974173,,,,,,0.001,
422,340.7,177,76.63,0.974173,,,,,,0.001,
423,372.83,187,76.85,0.974173,,,,,,0.001,
424,314.48,163,76.99,0.974173,,,,,,0.001,
425,320.98,147,77.63,0.974125,-1.995441,,113.237831,,,0.001,
426,342.19,163,77.91,0.974125,,,,,,0.001,
427,258.72,149,78.16,0.974125,,,,,,0.001,
428,283.99,162,78.42,0.974125,,,,,,0.001,
429,314.53,160,78.67,0.974125,,,,,,0.001,
430,362.74,184,79.33,0.974076,-0.333051,,105.667709,,,0.001,
431,285.35,154,79.5,0.974076,,,,,,0.001,
432,338.03,182,79.66,0.974076,,,,,,0.001,
433,320.22,163,79.78,0.974076,,,,,,0.001,
434,316.17,146,79.91,0.974076,,,,,,0.001,
435,315.41,173,80.46,0.974024,-0.385696,,106.447334,,,0.001,
436,302.25,139,80.59,0.974024,,,,,,0.001,
437,309.25,168,80.71,0.974024,,,,,,0.001,
438,312.26,160,80.81,0.974024,,,,,,0.001,
439,313.07,166,80.94,0.974024,,,,,,0.001,
440,327.52,162,81.43,0.973944,-2.234195,,107.054787,,,0.001,
441,269.58,125,81.57,0.973944,,,,,,0.001,
442,320.44,147,81.68,0.973944,,,,,,0.001,
443,302.89,145,81.79,0.973944,,,,,,0.001,
444,312.4,159,81.94,0.973944,,,,,,0.001,
445,293.5,138,82.38,0.97386,-0.787148,,109.108391,,,0.001,
446,318.5,152,82.52,0.97386,,,,,,0.001,
447,304.56,159,82.65,0.97386,,,,,,0.001,
448,374.88,205,82.83,0.97386,,,,,,0.001,
449,276.18,140,82.94,0.97386,,,,,,0.001,
450,338.39,169,83.39,0.973738,-1.683778,,110.245148,,,0.001,
451,308.77,172,84.22,0.973738,,,,,,0.001,
452,345.51,191,84.35,0.973738,,,,,,0.001,
453,367.26,196,84.48,0.973738,,,,,,0.001,
454,307.71,157,84.57,0.973738,,,,,,0.001,
455,320.68,151,84.93,0.973619,-0.380537,,109.44545,,,0.001,
456,263.89,141,85.04,0.973619,,,,,,0.001,
457,282.15,140,85.14,0.973619,,,,,,0.001,
458,276.71,150,85.29,0.973619,,,,,,0.001,
459,288.05,132,85.45,0.973619,,,,,,0.001,
460,323.38,161,86.02,0.973486,-1.061478,,101.904121,,,0.001,
461,331.65,171,86.3,0.973486,,,,,,0.001,
462,296.65,154,86.45,0.973486,,,,,,0.001,
463,312.48,170,86.62,0.973486,,,,,,0.001,
464,317.11,190,86.76,0.973486,,,,,,0.001,
465,309.2,160,87.13,0.97339,1.536911,,104.283661,,,0.001,
466,301.56,148,87.24,0.97339,,,,,,0.001,
467,335.15,169,87.37,0.97339,,,,,,0.001,
468,290.16,129,87.47,0.97339,,,,,,0.001,
469,309.04,163,87.55,0.97339,,,,,,0.001,
470,314.96,155,87.9,0.973265,-1.373842,,109.07798,,,0.001,
471,293.37,166,87.99,0.973265,,,,,,0.001,
472,295.67,155,88.09,0.973265,,,,,,0.001,
473,335.89,182,88.2,0.973265,,,,,,0.001,
474,303.47,139,88.28,0.973265,,,,,,0.001,
475,323.14,168,88.67,0.97316,0.56745,,105.061996,,,0.001,
476,308.03,146,88.75,0.97316,,,,,,0.001,
477,313.17,155,88.87,0.97316,,,,,,0.001,
478,283.38,150,88.95,0.97316,,,,,,0.001,
479,299.03,149,89.03,0.97316,,,,,,0.001,
480,275.39,127,89.41,0.973122,3.573117,,105.737251,,,0.001,
481,323.9,184,89.55,0.973122,,,,,,0.001,
482,311.23,177,89.69,0.973122,,,,,,0.001,
483,334.79,185,89.82,0.973122,,,,,,0.001,
484,265.94,138,89.92,0.973122,,,,,,0.001,
485,343.73,195,90.44,0.973145,3.023388,,103.571915,,,0.001,
486,315.06,149,90.56,0.973145,,,,,,0.001,
487,223.68,127,90.64,0.973145,,,,,,0.001,
488,289.15,137,90.71,0.973145,,,,,,0.001,
489,313.61,160,90.8,0.973145,,,,,,0.001,
490,309.43,133,91.12,0.973183,1.787679,,104.806458,,,0.001,
491,307.75,149,91.22,0.973183,,,,,,0.001,
492,302.08,147,91.33,0.973183,,,,,,0.001,
493,333.48,168,91.43,0.973183,,,,,,0.001,
494,298.23,148,91.54,0.973183,,,,,,0.001,
495,318.58,146,92.0,0.97322,0.284826,,109.672081,,,0.001,
496,241.72,138,92.11,0.97322,,,,,,0.001,
497,288.61,134,92.2,0.97322,,,,,,0.001,
498,313.19,181,92.32,0.97322,,,,,,0.001,
499,316.38,172,92.43,0.97322,,,,,,0.001,
500,334.88,168,92.89,0.973258,0.258444,,101.504196,,,0.001,
501,295.15,137,93.81,0.973258,,,,,,0.001,
502,323.98,167,93.91,0.973258,,,,,,0.001,
503,337.34,178,94.03,0.973258,,,,,,0.001,
504,303.69,155,94.19,0.973258,,,,,,0.001,
505,286.04,142,94.69,0.973256,-2.569862,,107.817734,,,0.001,
506,342.96,176,94.84,0.973256,,,,,,0.001,
507,291.88,169,94.97,0.973256,,,,,,0.001,
508,318.24,161,95.1,0.973256,,,,,,0.001,
509,296.5,139,95.2,0.973256,,,,,,0.001,
510,313.02,164,95.61,0.973239,-0.73829,,105.772842,,,0.001,
511,287.76,137,95.74,0.973239,,,,,,0.001,
512,330.4,161,95.87,0.973239,,,,,,0.001,
513,327.53,173,95.99,0.973239,,,,,,0.001,
514,318.46,170,96.14,0.973239,,,,,,0.001,
515,337.2,181,96.68,0.97323,0.271113,,107.744164,,,0.001,
516,335.2,177,96.86,0.97323,,,,,,0.001,
517,305.88,164,97.01,0.97323,,,,,,0.001,
518,350.01,173,97.15,0.97323,,,,,,0.001,
519,364.0,190,97.29,0.97323,,,,,,0.001,
520,322.9,170,97.73,0.973225,0.137077,,111.753197,,,0.001,
521,324.73,151,97.89,0.973225,,,,,,0.001,
522,301.48,144,97.98,0.973225,,,,,,0.001,
523,338.66,171,98.08,0.973225,,,,,,0.001,
524,337.48,163,98.17,0.973225,,,,,,0.001,
525,350.97,178,98.56,0.973218,-0.270452,,113.707695,,,0.001,
526,317.94,157,98.68,0.973218,,,,,,0.001,
527,322.84,150,98.78,0.973218,,,,,,0.001,
528,291.87,145,98.88,0.973218,,,,,,0.001,
529,339.98,198,99.0,0.973218,,,,,,0.001,
530,332.38,154,99.38,0.973229,1.206964,,109.946213,,,0.001,
531,311.81,148,99.52,0.973229,,,,,,0.001,
532,342.09,162,99.61,0.973229,,,,,,0.001,
533,350.59,170,99.72,0.973229,,,,,,0.001,
534,334.25,154,99.82,0.973229,,,,,,0.001,
535,308.71,172,100.19,0.973217,-1.260536,,113.175575,,,0.001,
536,334.44,163,100.34,0.973217,,,,,,0.001,
537,347.75,187,100.45,0.973217,,,,,,0.001,
538,342.43,178,100.57,0.973217,,,,,,0.001,
539,318.07,162,100.66,0.973217,,,,,,0.001,
540,358.13,199,101.08,0.973233,1.685511,,110.292282,,,0.001,
541,383.33,188,101.19,0.973233,,,,,,0.001,
542,327.03,148,101.32,0.973233,,,,,,0.001,
543,349.14,181,101.48,0.973233,,,,,,0.001,
544,365.26,183,101.62,0.973233,,,,,,0.001,
545,341.21,176,102.11,0.973372,5.47949,,117.42514,,,0.001,
546,348.66,178,102.25,0.973372,,,,,,0.001,
547,331.61,156,102.4,0.973372,,,,,,0.001,
548,346.46,155,102.51,0.973372,,,,,,0.001,
549,400.03,203,102.62,0.973372,,,,,,0.001,
550,334.3,166,103.0,0.973503,0.647443,,118.942169,,,0.001,
551,337.25,163,103.89,0.973503,,,,,,0.001,
552,359.12,171,103.98,0.973503,,,,,,0.001,
553,329.05,168,104.08,0.973503,,,,,,0.001,
554,340.64,161,104.17,0.973503,,,,,,0.001,
555,369.07,189,104.57,0.973583,-2.407406,,116.333336,,,0.001,
556,321.97,158,104.69,0.973583,,,,,,0.001,
557,379.91,184,104.83,0.973583,,,,,,0.001,
558,337.52,182,104.94,0.973583,,,,,,0.001,
559,341.33,189,105.05,0.973583,,,,,,0.001,
560,369.22,167,105.47,0.973611,-2.315835,,115.273476,,,0.001,
561,364.84,175,105.59,0.973611,,,,,,0.001,
562,359.02,167,105.71,0.973611,,,,,,0.001,
563,339.06,161,105.8,0.973611,,,,,,0.001,
564,348.44,172,105.9,0.973611,,,,,,0.001,
565,355.73,172,106.3,0.973697,3.482293,,119.550179,,,0.001,
566,371.05,178,106.45,0.973697,,,,,,0.001,
567,336.68,152,106.54,0.973697,,,,,,0.001,
568,377.03,187,106.65,0.973697,,,,,,0.001,
569,343.5,161,106.75,0.973697,,,,,,0.001,
570,341.9,163,107.12,0.973744,-2.23098,,119.811852,,,0.001,
571,329.46,175,107.24,0.973744,,,,,,0.001,
572,330.57,166,107.35,0.973744,,,,,,0.001,
573,311.72,152,107.48,0.973744,,,,,,0.001,
574,331.94,157,107.61,0.973744,,,,,,0.001,
575,337.17,155,108.06,0.973781,-0.15318,,112.850136,,,0.001,
576,296.05,149,108.17,0.973781,,,,,,0.001,
577,265.74,125,108.29,0.973781,,,,,,0.001,
578,343.41,174,108.4,0.973781,,,,,,0.001,
579,313.17,151,108.51,0.973781,,,,,,0.001,
580,330.1,156,109.01,0.97379,-1.68814,,109.858269,,,0.001,
581,350.71,182,109.16,0.97379,,,,,,0.001,
582,345.38,180,109.32,0.97379,,,,,,0.001,
583,338.66,153,109.44,0.97379,,,,,,0.001,
584,301.41,148,109.55,0.97379,,,,,,0.001,
585,302.37,150,110.01,0.973846,1.535445,,112.429306,,,0.001,
586,230.99,126,110.11,0.973846,,,,,,0.001,
587,290.32,143,110.21,0.973846,,,,,,0.001,
588,322.84,152,110.31,0.973846,,,,,,0.001,
589,337.86,159,110.42,0.973846,,,,,,0.001,
590,348.75,171,110.77,0.973924,1.81953,,109.877411,,,0.001,
591,323.43,159,110.87,0.973924,,,,,,0.001,
592,363.53,162,110.98,0.973924,,,,,,0.001,
593,342.46,152,111.06,0.973924,,,,,,0.001,
594,348.46,167,111.15,0.973924,,,,,,0.001,
595,263.36,118,111.5,0.973983,-1.073801,,117.863663,,,0.001,
596,311.45,152,111.62,0.973983,,,,,,0.001,
597,358.65,176,111.73,0.973983,,,,,,0.001,
598,335.46,160,111.82,0.973983,,,,,,0.001,
599,333.07,151,111.91,0.973983,,,,,,0.001,
600,349.21,167,112.37,0.974021,-0.533476,,117.306953,,,0.001,
601,359.64,175,113.22,0.974021,,,,,,0.001,
602,358.35,181,113.36,0.974021,,,,,,0.001,
603,372.07,192,113.48,0.974021,,,,,,0.001,
604,317.64,142,113.56,0.974021,,,,,,0.001,
605,353.93,175,113.96,0.974043,-0.518079,,117.998215,,,0.001,
606,283.92,129,114.05,0.974043,,,,,,0.001,
607,367.49,178,114.18,0.974043,,,,,,0.001,
608,369.21,187,114.3,0.974043,,,,,,0.001,
609,323.97,153,114.39,0.974043,,,,,,0.001,
610,349.27,149,114.75,0.974091,1.515991,,118.352661,,,0.001,
611,370.82,176,114.89,0.974091,,,,,,0.001,
612,386.59,209,115.04,0.974091,,,,,,0.001,
613,317.94,141,115.15,0.974091,,,,,,0.001,
614,353.0,162,115.25,0.974091,,,,,,0.001,
615,373.1,179,115.69,0.974156,1.145428,,120.916382,,,0.001,
616,317.64,155,115.8,0.974156,,,,,,0.001,
617,359.61,181,115.91,0.974156,,,,,,0.001,
618,348.85,169,116.02,0.974156,,,,,,0.001,
619,373.61,181,116.12,0.974156,,,,,,0.001,
620,336.26,151,116.51,0.97424,1.115541,,118.219162,,,0.001,
621,153.23,97,116.57,0.97424,,,,,,0.001,
622,354.43,183,116.72,0.97424,,,,,,0.001,
623,355.76,179,116.86,0.97424,,,,,,0.001,
624,329.72,152,116.98,0.97424,,,,,,0.001,
625,349.56,168,117.46,0.974301,-0.564255,,110.45462,,,0.001,
626,373.94,199,117.66,0.974301,,,,,,0.001,
627,342.04,170,117.81,0.974301,,,,,,0.001,
628,373.19,179,117.94,0.974301,,,,,,0.001,
629,97.57,61,118.0,0.974301,,,,,,0.001,
630,347.49,171,118.46,0.974405,2.497955,,112.20771,,,0.001,
631,396.97,239,118.65,0.974405,,,,,,0.001,
632,371.36,167,118.75,0.974405,,,,,,0.001,
633,137.37,75,118.8,0.974405,,,,,,0.001,
634,321.78,145,118.88,0.974405,,,,,,0.001,
635,381.84,189,119.34,0.974429,-2.717509,,113.983604,,,0.001,
636,50.9,36,119.39,0.974429,,,,,,0.001,
637,181.76,109,119.49,0.974429,,,,,,0.001,
638,380.66,194,119.63,0.974429,,,,,,0.001,
639,115.16,74,119.67,0.974429,,,,,,0.001,
640,329.45,149,120.03,0.974415,-3.030052,,94.60009,,,0.001,
641,380.77,203,120.18,0.974415,,,,,,0.001,
642,339.81,165,120.32,0.974415,,,,,,0.001,
643,371.15,199,120.44,0.974415,,,,,,0.001,
644,397.19,208,120.56,0.974415,,,,,,0.001,
645,374.52,187,120.98,0.974326,-2.265726,,117.333878,,,0.001,
646,303.25,131,121.08,0.974326,,,,,,0.001,
647,375.8,199,121.21,0.974326,,,,,,0.001,
648,332.49,154,121.31,0.974326,,,,,,0.001,
649,205.02,122,121.4,0.974326,,,,,,0.001,
650,139.39,77,121.76,0.974225,-2.030728,,103.08429,,,0.001,
651,351.51,187,122.86,0.974225,,,,,,0.001,
652,385.24,193,122.99,0.974225,,,,,,0.001,
653,360.39,191,123.12,0.974225,,,,,,0.001,
654,331.43,162,123.21,0.974225,,,,,,0.001,
655,384.12,197,123.73,0.974187,1.672468,,117.403534,,,0.001,
656,383.96,203,123.89,0.974187,,,,,,0.001,
657,266.03,130,123.99,0.974187,,,,,,0.001,
658,383.68,200,124.14,0.974187,,,,,,0.001,
659,346.8,166,124.27,0.974187,,,,,,0.001,
660,345.18,162,124.76,0.974124,-1.617653,,116.428291,,,0.001,
661,334.92,179,124.89,0.974124,,,,,,0.001,
662,321.68,168,125.0,0.974124,,,,,,0.001,
663,345.73,167,125.1,0.974124,,,,,,0.001,
664,305.19,158,125.19,0.974124,,,,,,0.001,
665,357.49,182,125.75,0.974074,0.434972,,110.302269,,,0.001,
666,331.22,161,125.87,0.974074,,,,,,0.001,
667,355.33,205,126.05,0.974074,,,,,,0.001,
668,377.54,201,126.21,0.974074,,,,,,0.001,
669,366.85,198,126.37,0.974074,,,,,,0.001,
670,334.54,187,126.9,0.973991,-1.538077,,110.923218,,,0.001,
671,363.77,200,127.09,0.973991,,,,,,0.001,
672,292.47,155,127.2,0.973991,,,,,,0.001,
673,337.73,173,127.33,0.973991,,,,,,0.001,
674,424.55,223,127.52,0.973991,,,,,,0.001,
675,347.05,174,128.03,0.973942,1.481993,,114.270538,,,0.001,
676,358.88,201,128.19,0.973942,,,,,,0.001,
677,316.08,166,128.31,0.973942,,,,,,0.001,
678,327.72,168,128.44,0.973942,,,,,,0.001,
679,350.25,182,128.61,0.973942,,,,,,0.001,
680,342.32,193,129.03,0.973853,-2.138052,,108.94738,,,0.001,
681,326.8,177,129.16,0.973853,,,,,,0.001,
682,360.77,192,129.28,0.973853,,,,,,0.001,
683,361.49,201,129.43,0.973853,,,,,,0.001,
684,290.39,149,129.51,0.973853,,,,,,0.001,
685,340.26,184,129.91,0.973812,2.062398,,107.836952,,,0.001,
686,372.25,194,130.06,0.973812,,,,,,0.001,
687,358.03,200,130.19,0.973812,,,,,,0.001,
688,359.94,187,130.3,0.973812,,,,,,0.001,
689,369.07,207,130.43,0.973812,,,,,,0.001,
690,304.77,156,130.86,0.9738,0.734463,,111.14521,,,0.001,
691,305.68,164,130.97,0.9738,,,,,,0.001,
692,366.92,193,131.1,0.9738,,,,,,0.001,
693,337.28,192,131.22,0.9738,,,,,,0.001,
694,326.36,190,131.34,0.9738,,,,,,0.001,
695,290.35,151,131.72,0.973714,-2.894863,,105.395096,,,0.001,
696,325.66,178,131.84,0.973714,,,,,,0.001,
697,374.17,203,131.98,0.973714,,,,,,0.001,
698,358.91,196,132.15,0.973714,,,,,,0.001,
699,344.17,188,132.26,0.973714,,,,,,0.001,
700,364.71,204,132.72,0.973588,-1.611612,,111.159706,,,0.001,
701,268.85,155,133.69,0.973588,,,,,,0.001,
702,365.63,192,133.8,0.973588,,,,,,0.001,
703,356.99,193,133.92,0.973588,,,,,,0.001,
704,379.18,204,134.04,0.973588,,,,,,0.001,
705,317.63,174,134.47,0.973474,0.049759,,108.107811,,,0.001,
706,317.52,179,134.69,0.973474,,,,,,0.001,
707,337.96,158,134.83,0.973474,,,,,,0.001,
708,382.32,202,134.96,0.973474,,,,,,0.001,
709,372.17,211,135.07,0.973474,,,,,,0.001,
710,337.77,179,135.56,0.97341,1.409657,,111.660309,,,0.001,
711,381.37,216,135.76,0.97341,,,,,,0.001,
712,359.79,214,135.89,0.97341,,,,,,0.001,
713,374.34,195,136.01,0.97341,,,,,,0.001,
714,385.4,222,136.16,0.97341,,,,,,0.001,
715,401.53,218,136.87,0.973309,-1.61903,,112.411652,,,0.001,
716,329.07,157,136.98,0.973309,,,,,,0.001,
717,370.04,194,137.1,0.973309,,,,,,0.001,
718,346.76,177,137.21,0.973309,,,,,,0.001,
719,282.54,134,137.29,0.973309,,,,,,0.001,
720,380.96,211,137.74,0.973242,1.35518,,113.04612,,,0.001,
721,305.12,181,137.87,0.973242,,,,,,0.001,
722,374.39,198,138.03,0.973242,,,,,,0.001,
723,355.16,187,138.17,0.973242,,,,,,0.001,
724,332.32,176,138.33,0.973242,,,,,,0.001,
725,387.32,202,138.89,0.973138,-1.5652,,110.929657,,,0.001,
726,350.29,173,139.02,0.973138,,,,,,0.001,
727,375.52,197,139.14,0.973138,,,,,,0.001,
728,342.02,177,139.25,0.973138,,,,,,0.001,
729,357.1,178,139.38,0.973138,,,,,,0.001,
730,393.45,236,139.86,0.973079,1.741836,,113.708733,,,0.001,
731,361.21,181,140.01,0.973079,,,,,,0.001,
732,370.25,192,140.15,0.973079,,,,,,0.001,
733,352.95,176,140.29,0.973079,,,,,,0.001,
734,330.59,163,140.41,0.973079,,,,,,0.001,
735,377.36,198,140.94,0.97305,0.762066,,115.799553,,,0.001,
736,384.19,192,141.19,0.97305,,,,,,0.001,
737,351.31,179,141.34,0.97305,,,,,,0.001,
738,411.2,221,141.46,0.97305,,,,,,0.001,
739,355.75,175,141.56,0.97305,,,,,,0.001,
740,357.38,179,141.97,0.973081,2.508945,,118.684082,,,0.001,
741,365.63,180,142.12,0.973081,,,,,,0.001,
742,375.41,196,142.26,0.973081,,,,,,0.001,
743,384.4,207,142.42,0.973081,,,,,,0.001,
744,403.93,209,142.57,0.973081,,,,,,0.001,
745,408.01,213,143.07,0.973134,0.763645,,119.961357,,,0.001,
746,385.36,197,143.22,0.973134,,,,,,0.001,
747,336.63,151,143.33,0.973134,,,,,,0.001,
748,145.71,106,143.44,0.973134,,,,,,0.001,
749,371.42,194,143.58,0.973134,,,,,,0.001,
750,359.0,169,144.05,0.97319,0.869569,,111.765587,,,0.001,
751,364.32,185,145.17,0.97319,,,,,,0.001,
752,330.66,148,145.26,0.97319,,,,,,0.001,
753,363.15,195,145.39,0.97319,,,,,,0.001,
754,389.04,206,145.51,0.97319,,,,,,0.001,
755,414.2,210,146.06,0.973238,-0.156036,,119.286644,,,0.001,
756,370.37,182,146.21,0.973238,,,,,,0.001,
757,362.24,186,146.35,0.973238,,,,,,0.001,
758,356.11,186,146.51,0.973238,,,,,,0.001,
759,356.07,182,146.65,0.973238,,,,,,0.001,
760,341.88,176,147.15,0.973262,-1.188078,,115.892372,,,0.001,
761,375.64,199,147.33,0.973262,,,,,,0.001,
762,397.87,206,147.45,0.973262,,,,,,0.001,
763,391.81,189,147.55,0.973262,,,,,,0.001,
764,352.4,175,147.66,0.973262,,,,,,0.001,
765,336.13,186,148.08,0.973247,-1.639419,,117.101372,,,0.001,
766,368.49,180,148.2,0.973247,,,,,,0.001,
767,492.35,244,148.37,0.973247,,,,,,0.001,
768,365.58,179,148.47,0.973247,,,,,,0.001,
769,403.34,209,148.6,0.973247,,,,,,0.001,
770,306.16,148,149.06,0.973309,3.20593,,123.559326,,,0.001,
771,366.84,179,149.17,0.973309,,,,,,0.001,
772,330.34,149,149.3,0.973309,,,,,,0.001,
773,375.69,186,149.43,0.973309,,,,,,0.001,
774,371.27,184,149.52,0.973309,,,,,,0.001,
775,355.39,168,149.9,0.973362,-0.207814,,120.118378,,,0.001,
776,397.35,196,150.03,0.973362,,,,,,0.001,
777,386.25,189,150.15,0.973362,,,,,,0.001,
778,394.41,205,150.27,0.973362,,,,,,0.001,
779,336.53,147,150.38,0.973362,,,,,,0.001,
780,399.61,177,150.79,0.973448,2.283944,,126.074333,,,0.001,
781,368.68,185,150.94,0.973448,,,,,,0.001,
782,354.12,169,151.07,0.973448,,,,,,0.001,
783,352.74,161,151.19,0.973448,,,,,,0.001,
784,352.99,176,151.32,0.973448,,,,,,0.001,
785,331.35,148,151.8,0.973537,0.780864,,119.415962,,,0.001,
786,354.78,181,151.93,0.973537,,,,,,0.001,
787,310.06,184,152.07,0.973537,,,,,,0.001,
788,350.94,170,152.2,0.973537,,,,,,0.001,
789,384.23,200,152.34,0.973537,,,,,,0.001,
790,409.41,220,152.93,0.973628,0.675793,,114.579903,,,0.001,
791,418.12,233,153.09,0.973628,,,,,,0.001,
792,399.96,204,153.22,0.973628,,,,,,0.001,
793,363.87,176,153.32,0.973628,,,,,,0.001,
794,395.03,202,153.47,0.973628,,,,,,0.001,
795,352.7,166,153.98,0.973715,0.401033,,121.359375,,,0.001,
796,391.47,202,154.13,0.973715,,,,,,0.001,
797,407.49,227,154.27,0.973715,,,,,,0.001,
798,386.72,190,154.36,0.973715,,,,,,0.001,
799,362.91,178,154.47,0.973715,,,,,,0.001,
800,359.94,176,154.9,0.973817,1.244059,,120.654381,,,0.001,
801,363.11,182,155.91,0.973817,,,,,,0.001,
802,373.35,196,156.05,0.973817,,,,,,0.001,
803,375.28,180,156.19,0.973817,,,,,,0.001,
804,400.53,209,156.37,0.973817,,,,,,0.001,
805,401.99,205,156.96,0.97386,-2.302444,,120.891937,,,0.001,
806,411.65,224,157.13,0.97386,,,,,,0.001,
807,404.91,212,157.26,0.97386,,,,,,0.001,
808,420.0,212,157.41,0.97386,,,,,,0.001,
809,392.83,202,157.53,0.97386,,,,,,0.001,
810,408.21,207,158.01,0.973842,-2.211079,,122.54834,,,0.001,
811,413.07,217,158.17,0.973842,,,,,,0.001,
812,428.11,240,158.36,0.973842,,,,,,0.001,
813,400.52,202,158.5,0.973842,,,,,,0.001,
814,384.11,178,158.64,0.973842,,,,,,0.001,
815,281.72,170,159.08,0.973881,2.451947,,118.181419,,,0.001,
816,403.52,216,159.25,0.973881,,,,,,0.001,
817,397.7,214,159.41,0.973881,,,,,,0.001,
818,350.49,168,159.53,0.973881,,,,,,0.001,
819,390.88,197,159.68,0.973881,,,,,,0.001,
820,425.36,243,160.3,0.973921,0.271075,,119.721909,,,0.001,
821,421.0,233,160.51,0.973921,,,,,,0.001,
822,380.78,185,160.63,0.973921,,,,,,0.001,
823,445.12,252,160.82,0.973921,,,,,,0.001,
824,384.43,194,160.96,0.973921,,,,,,0.001,
825,362.74,182,161.49,0.973949,-0.509391,,120.632545,,,0.001,
826,372.23,193,161.62,0.973949,,,,,,0.001,
827,372.18,180,161.81,0.973949,,,,,,0.001,
828,426.61,223,161.98,0.973949,,,,,,0.001,
829,467.06,239,162.13,0.973949,,,,,,0.001,
830,373.8,194,162.71,0.973989,0.647102,,124.238403,,,0.001,
831,378.12,187,162.86,0.973989,,,,,,0.001,
832,379.29,193,162.97,0.973989,,,,,,0.001,
833,421.59,224,163.09,0.973989,,,,,,0.001,
834,390.1,196,163.2,0.973989,,,,,,0.001,
835,358.59,174,163.63,0.974018,-0.354583,,122.009438,,,0.001,
836,376.25,180,163.76,0.974018,,,,,,0.001,
837,391.79,207,163.9,0.974018,,,,,,0.001,
838,366.81,185,164.01,0.974018,,,,,,0.001,
839,370.2,187,164.11,0.974018,,,,,,0.001,
840,408.67,219,164.6,0.974115,2.967558,,120.091621,,,0.001,
841,431.23,201,164.76,0.974115,,,,,,0.001,
842,455.16,232,164.91,0.974115,,,,,,0.001,
843,380.04,191,165.02,0.974115,,,,,,0.001,
844,422.22,213,165.15,0.974115,,,,,,0.001,
845,396.63,198,165.62,0.974171,-2.836845,,128.736908,,,0.001,
846,375.24,182,165.76,0.974171,,,,,,0.001,
847,364.54,184,165.88,0.974171,,,,,,0.001,
848,447.39,214,166.01,0.974171,,,,,,0.001,
849,362.62,175,166.11,0.974171,,,,,,0.001,
850,454.47,235,166.78,0.974168,-2.357869,,126.64357,,,0.001,
851,380.64,190,167.86,0.974168,,,,,,0.001,
852,329.45,184,167.98,0.974168,,,,,,0.001,
853,382.22,200,168.09,0.974168,,,,,,0.001,
854,404.58,206,168.22,0.974168,,,,,,0.001,
855,472.1,251,168.72,0.974143,-0.95562,,121.379463,,,0.001,
856,355.73,175,168.9,0.974143,,,,,,0.001,
857,416.56,203,169.15,0.974143,,,,,,0.001,
858,388.01,199,169.39,0.974143,,,,,,0.001,
859,393.93,211,169.55,0.974143,,,,,,0.001,
860,333.14,157,170.43,0.974118,-0.135292,,121.16011,,,0.001,
861,409.69,210,170.61,0.974118,,,,,,0.001,
862,409.25,209,170.73,0.974118,,,,,,0.001,
863,352.16,167,170.82,0.974118,,,,,,0.001,
864,366.87,170,170.93,0.974118,,,,,,0.001,
865,381.44,178,171.35,0.974099,0.215276,,124.203674,,,0.001,
866,337.96,170,171.51,0.974099,,,,,,0.001,
867,406.17,174,171.62,0.974099,,,,,,0.001,
868,424.01,210,171.74,0.974099,,,,,,0.001,
869,373.23,188,171.85,0.974099,,,,,,0.001,
870,410.43,188,172.28,0.974097,0.844964,,126.873657,,,0.001,
871,351.69,166,172.43,0.974097,,,,,,0.001,
872,353.8,172,172.59,0.974097,,,,,,0.001,
873,369.16,178,172.72,0.974097,,,,,,0.001,
874,114.12,72,172.76,0.974097,,,,,,0.001,
875,363.08,178,173.22,0.974122,1.285384,,113.232353,,,0.001,
876,351.51,180,173.37,0.974122,,,,,,0.001,
877,376.96,186,173.5,0.974122,,,,,,0.001,
878,344.61,169,173.6,0.974122,,,,,,0.001,
879,373.26,191,173.71,0.974122,,,,,,0.001,
880,413.24,226,174.16,0.974158,1.053591,,119.334969,,,0.001,
881,256.09,139,174.25,0.974158,,,,,,0.001,
882,336.27,165,174.38,0.974158,,,,,,0.001,
883,367.33,174,174.49,0.974158,,,,,,0.001,
884,335.28,153,174.58,0.974158,,,,,,0.001,
885,333.58,159,174.94,0.974164,-1.999081,,112.810364,,,0.001,
886,359.23,160,175.06,0.974164,,,,,,0.001,
887,388.86,190,175.19,0.974164,,,,,,0.001,
888,498.93,205,175.35,0.974164,,,,,,0.001,
889,131.68,77,175.42,0.974164,,,,,,0.001,
890,349.5,168,175.93,0.97416,-0.922193,,125.900139,,,0.001,
891,398.71,174,176.05,0.97416,,,,,,0.001,
892,329.54,195,176.2,0.97416,,,,,,0.001,
893,349.89,173,176.3,0.97416,,,,,,0.001,
894,396.65,181,176.42,0.97416,,,,,,0.001,
895,433.31,212,176.86,0.974146,-0.510482,,123.746544,,,0.001,
896,302.71,135,176.95,0.974146,,,,,,0.001,
897,337.34,157,177.06,0.974146,,,,,,0.001,
898,360.63,167,177.15,0.974146,,,,,,0.001,
899,411.92,195,177.27,0.974146,,,,,,0.001,
900,270.0,148,177.66,0.974195,4.78124,,116.501015,,,0.001,
901,332.65,161,179.91,0.974195,,,,,,0.001,
902,380.06,188,180.08,0.974195,,,,,,0.001,
903,314.98,181,180.2,0.974195,,,,,,0.001,
904,354.91,177,180.31,0.974195,,,,,,0.001,
905,360.37,181,180.85,0.974236,-0.157916,,114.133629,,,0.001,
906,241.26,136,181.09,0.974236,,,,,,0.001,
907,342.14,177,181.37,0.974236,,,,,,0.001,
908,380.36,181,181.55,0.974236,,,,,,0.001,
909,459.85,230,181.76,0.974236,,,,,,0.001,
910,359.55,171,182.48,0.974274,0.115188,,117.595764,,,0.001,
911,336.7,152,182.6,0.974274,,,,,,0.001,
912,409.25,204,182.75,0.974274,,,,,,0.001,
913,408.91,220,182.91,0.974274,,,,,,0.001,
914,446.34,222,183.03,0.974274,,,,,,0.001,
915,372.09,184,183.49,0.974346,2.064443,,124.615768,,,0.001,
916,371.51,178,183.65,0.974346,,,,,,0.001,
917,56.06,37,183.67,0.974346,,,,,,0.001,
918,333.58,160,183.8,0.974346,,,,,,0.001,
919,293.11,149,183.91,0.974346,,,,,,0.001,
920,354.47,162,184.32,0.974389,-1.507849,,111.695793,,,0.001,
921,365.64,165,184.44,0.974389,,,,,,0.001,
922,344.63,159,184.54,0.974389,,,,,,0.001,
923,361.24,173,184.65,0.974389,,,,,,0.001,
924,382.94,171,184.74,0.974389,,,,,,0.001,
925,341.5,147,185.11,0.974414,-0.880733,,124.583878,,,0.001,
926,317.5,157,185.22,0.974414,,,,,,0.001,
927,375.74,158,185.35,0.974414,,,,,,0.001,
928,454.4,206,185.49,0.974414,,,,,,0.001,
929,330.72,153,185.6,0.974414,,,,,,0.001,
930,375.37,169,186.02,0.974452,1.25465,,128.160828,,,0.001,
931,342.96,173,186.15,0.974452,,,,,,0.001,
932,377.12,201,186.31,0.974452,,,,,,0.001,
933,344.1,156,186.4,0.974452,,,,,,0.001,
934,384.23,192,186.54,0.974452,,,,,,0.001,
935,330.94,160,187.03,0.974459,-1.894361,,117.81041,,,0.001,
936,471.21,200,187.19,0.974459,,,,,,0.001,
937,269.52,130,187.28,0.974459,,,,,,0.001,
938,480.93,219,187.43,0.974459,,,,,,0.001,
939,355.61,181,187.53,0.974459,,,,,,0.001,
940,398.61,190,187.96,0.974487,2.135456,,131.15654,,,0.001,
941,382.51,186,188.09,0.974487,,,,,,0.001,
942,358.19,175,188.22,0.974487,,,,,,0.001,
943,380.61,184,188.33,0.974487,,,,,,0.001,
944,377.73,189,188.45,0.974487,,,,,,0.001,
945,335.89,153,188.84,0.974524,0.709138,,121.523148,,,0.001,
946,409.4,234,189.02,0.974524,,,,,,0.001,
947,370.79,185,189.13,0.974524,,,,,,0.001,
948,389.58,205,189.28,0.974524,,,,,,0.001,
949,363.69,184,189.42,0.974524,,,,,,0.001,
950,378.11,183,190.0,0.974607,1.772916,,118.931564,,,0.001,
951,369.38,182,191.0,0.974607,,,,,,0.001,
952,393.72,203,191.12,0.974607,,,,,,0.001,
953,340.1,164,191.21,0.974607,,,,,,0.001,
954,553.19,227,191.34,0.974607,,,,,,0.001,
955,406.43,188,191.85,0.974686,0.261614,,132.861496,,,0.001,
956,331.66,152,191.97,0.974686,,,,,,0.001,
957,350.71,175,192.14,0.974686,,,,,,0.001,
958,478.03,263,192.47,0.974686,,,,,,0.001,
959,415.79,190,192.62,0.974686,,,,,,0.001,
960,381.86,211,193.39,0.97478,1.121451,,123.003601,,,0.001,
961,312.29,153,193.54,0.97478,,,,,,0.001,
962,342.4,163,193.67,0.97478,,,,,,0.001,
963,389.88,184,193.78,0.97478,,,,,,0.001,
964,479.3,282,193.95,0.97478,,,,,,0.001,
965,365.78,192,194.47,0.974871,0.198242,,118.995804,,,0.001,
966,415.61,168,194.57,0.974871,,,,,,0.001,
967,381.7,202,194.71,0.974871,,,,,,0.001,
968,368.62,195,194.82,0.974871,,,,,,0.001,
969,359.11,180,194.92,0.974871,,,,,,0.001,
970,361.54,165,195.4,0.974915,-3.185699,,123.676689,,,0.001,
971,576.35,247,195.61,0.974915,,,,,,0.001,
972,477.88,234,195.82,0.974915,,,,,,0.001,
973,411.54,221,196.0,0.974915,,,,,,0.001,
974,482.56,219,196.13,0.974915,,,,,,0.001,
975,411.84,211,196.65,0.974936,-1.052658,,139.951736,,,0.001,
976,473.34,246,196.81,0.974936,,,,,,0.001,
977,363.08,178,196.92,0.974936,,,,,,0.001,
978,439.55,214,197.06,0.974936,,,,,,0.001,
979,821.73,355,197.33,0.974936,,,,,,0.001,
980,509.42,252,198.13,0.974948,-0.612751,,147.294998,,,0.001,
981,525.16,237,198.33,0.974948,,,,,,0.001,
982,389.22,201,198.45,0.974948,,,,,,0.001,
983,508.94,280,198.63,0.974948,,,,,,0.001,
984,418.5,201,198.78,0.974948,,,,,,0.001,
985,425.78,218,199.43,0.974932,-1.142367,,133.533539,,,0.001,
986,396.68,207,199.58,0.974932,,,,,,0.001,
987,403.95,200,199.72,0.974932,,,,,,0.001,
988,541.34,272,199.92,0.974932,,,,,,0.001,
989,381.36,197,200.05,0.974932,,,,,,0.001,
990,375.66,188,200.56,0.974869,-3.191309,,127.251335,,,0.001,
991,412.02,186,200.76,0.974869,,,,,,0.001,
992,429.98,239,200.95,0.974869,,,,,,0.001,
993,563.17,248,201.08,0.974869,,,,,,0.001,
994,404.75,253,201.23,0.974869,,,,,,0.001,
995,480.26,277,201.82,0.974808,-0.208395,,128.262878,,,0.001,
996,367.13,188,201.95,0.974808,,,,,,0.001,
997,507.05,277,202.16,0.974808,,,,,,0.001,
998,414.65,213,202.32,0.974808,,,,,,0.001,
999,354.15,180,202.45,0.974808,,,,,,0.001,
1000,578.74,253,203.02,0.974775,1.28643,,131.60141,,,0.001,
1001,456.73,244,206.27,0.974775,,,,,,0.001,
1002,988.51,525,206.78,0.974775,,,,,,0.001,
1003,484.78,239,206.92,0.974775,,,,,,0.001,
1004,417.39,213,207.04,0.974775,,,,,,0.001,
1005,428.59,201,207.99,0.974737,-0.567647,,143.506638,,,0.001,
1006,460.64,226,208.33,0.974737,,,,,,0.001,
1007,1162.54,671,208.94,0.974737,,,,,,0.001,
1008,446.02,233,209.09,0.974737,,,,,,0.001,
1009,827.25,376,209.31,0.974737,,,,,,0.001,
1010,498.77,280,210.11,0.974691,-0.394132,,148.672165,,,0.001,
1011,819.5,428,210.41,0.974691,,,,,,0.001,
1012,565.79,337,210.6,0.974691,,,,,,0.001,
1013,1587.37,812,211.1,0.974691,,,,,,0.001,
1014,581.91,272,211.27,0.974691,,,,,,0.001,
1015,126.97,136,212.03,0.974636,-1.313793,,151.136246,,,0.001,
1016,637.28,298,212.22,0.974636,,,,,,0.001,
1017,846.45,444,212.5,0.974636,,,,,,0.001,
1018,548.5,318,212.68,0.974636,,,,,,0.001,
1019,981.79,602,213.03,0.974636,,,,,,0.001,
1020,356.87,198,213.78,0.974561,-1.677102,,142.871185,,,0.001,
1021,567.54,237,213.97,0.974561,,,,,,0.001,
1022,1045.84,553,214.3,0.974561,,,,,,0.001,
1023,143.42,143,214.39,0.974561,,,,,,0.001,
1024,251.17,243,214.53,0.974561,,,,,,0.001,
1025,925.48,602,215.52,0.974485,-0.508848,,129.138626,,,0.001,
1026,454.32,242,215.72,0.974485,,,,,,0.001,
1027,263.09,240,215.9,0.974485,,,,,,0.001,
1028,717.68,305,216.12,0.974485,,,,,,0.001,
1029,737.23,322,216.35,0.974485,,,,,,0.001,
1030,369.75,166,217.04,0.974401,-2.090596,,141.573364,,,0.001,
1031,405.92,176,217.17,0.974401,,,,,,0.001,
1032,467.54,215,217.32,0.974401,,,,,,0.001,
1033,461.05,227,217.51,0.974401,,,,,,0.001,
1034,555.58,288,217.71,0.974401,,,,,,0.001,
1035,393.16,201,218.29,0.974392,2.725748,,136.706009,,,0.001,
1036,546.79,244,218.48,0.974392,,,,,,0.001,
1037,482.41,255,218.69,0.974392,,,,,,0.001,
1038,169.89,177,218.8,0.974392,,,,,,0.001,
1039,505.75,246,218.94,0.974392,,,,,,0.001,
1040,103.23,95,219.35,0.974392,0.486448,,117.112457,,,0.001,
1041,620.77,386,219.64,0.974392,,,,,,0.001,
1042,782.6,340,219.83,0.974392,,,,,,0.001,
1043,784.36,337,220.0,0.974392,,,,,,0.001,
1044,742.68,366,220.21,0.974392,,,,,,0.001,
1045,744.78,494,221.13,0.974379,-0.595858,,153.166412,,,0.001,
1046,316.79,153,221.23,0.974379,,,,,,0.001,
1047,129.92,124,221.37,0.974379,,,,,,0.001,
1048,468.76,231,221.5,0.974379,,,,,,0.001,
1049,90.12,102,221.56,0.974379,,,,,,0.001,
1050,572.31,252,221.99,0.974406,3.648685,,113.43412,,,0.001,
1051,364.14,208,224.98,0.974406,,,,,,0.001,
1052,701.14,280,225.14,0.974406,,,,,,0.001,
1053,450.68,212,225.27,0.974406,,,,,,0.001,
1054,378.23,181,225.38,0.974406,,,,,,0.001,
1055,410.44,212,226.06,0.974409,-1.173327,,139.599426,,,0.001,
1056,298.4,194,226.36,0.974409,,,,,,0.001,
1057,516.67,237,226.58,0.974409,,,,,,0.001,
1058,360.8,165,226.73,0.974409,,,,,,0.001,
1059,499.24,210,226.93,0.974409,,,,,,0.001,
1060,392.1,190,227.61,0.974448,2.114131,,130.666733,,,0.001,
1061,409.22,208,227.79,0.974448,,,,,,0.001,
1062,350.44,164,227.91,0.974448,,,,,,0.001,
1063,334.07,158,228.03,0.974448,,,,,,0.001,
1064,391.87,187,228.18,0.974448,,,,,,0.001,
1065,666.19,278,228.81,0.974462,-1.247938,,137.828232,,,0.001,
1066,433.04,200,228.95,0.974462,,,,,,0.001,
1067,389.3,191,229.08,0.974462,,,,,,0.001,
1068,355.35,176,229.18,0.974462,,,,,,0.001,
1069,413.55,209,229.31,0.974462,,,,,,0.001,
1070,667.48,267,229.96,0.974483,0.757502,,140.470001,,,0.001,
1071,549.73,282,230.16,0.974483,,,,,,0.001,
1072,393.62,204,230.29,0.974483,,,,,,0.001,
1073,451.57,197,230.39,0.974483,,,,,,0.001,
1074,383.0,177,230.5,0.974483,,,,,,0.001,
1075,385.0,188,230.97,0.974437,-2.917295,,133.520233,,,0.001,
1076,351.42,156,231.09,0.974437,,,,,,0.001,
1077,444.53,209,231.24,0.974437,,,,,,0.001,
1078,531.25,212,231.44,0.974437,,,,,,0.001,
1079,438.69,231,231.62,0.974437,,,,,,0.001,
1080,388.41,197,232.18,0.974408,0.617528,,135.66214,,,0.001,
1081,460.59,224,232.37,0.974408,,,,,,0.001,
1082,386.65,189,232.49,0.974408,,,,,,0.001,
1083,446.95,234,232.65,0.974408,,,,,,0.001,
1084,415.48,208,232.78,0.974408,,,,,,0.001,
1085,361.54,180,233.22,0.974404,1.282085,,128.464844,,,0.001,
1086,396.85,192,233.35,0.974404,,,,,,0.001,
1087,553.41,215,233.5,0.974404,,,,,,0.001,
1088,367.61,181,233.59,0.974404,,,,,,0.001,
1089,399.07,203,233.72,0.974404,,,,,,0.001,
1090,633.84,253,234.2,0.974364,-2.082953,,147.252701,,,0.001,
1091,521.15,215,234.46,0.974364,,,,,,0.001,
1092,382.83,164,234.58,0.974364,,,,,,0.001,
1093,337.59,152,234.69,0.974364,,,,,,0.001,
1094,429.33,198,234.8,0.974364,,,,,,0.001,
1095,414.74,196,235.22,0.974369,1.650773,,138.889877,,,0.001,
1096,355.67,171,235.35,0.974369,,,,,,0.001,
1097,606.53,265,235.53,0.974369,,,,,,0.001,
1098,412.06,204,235.66,0.974369,,,,,,0.001,
1099,382.83,192,235.76,0.974369,,,,,,0.001,
1100,372.68,152,236.18,0.974418,2.917751,,136.606888,,,0.001,
1101,443.78,203,237.06,0.974418,,,,,,0.001,
1102,370.97,169,237.17,0.974418,,,,,,0.001,
1103,592.47,233,237.32,0.974418,,,,,,0.001,
1104,369.23,178,237.45,0.974418,,,,,,0.001,
1105,563.67,217,237.97,0.974472,0.75962,,150.485138,,,0.001,
1106,419.52,189,238.13,0.974472,,,,,,0.001,
1107,361.22,166,238.23,0.974472,,,,,,0.001,
1108,694.4,284,238.42,0.974472,,,,,,0.001,
1109,399.51,198,238.53,0.974472,,,,,,0.001,
1110,437.2,175,238.99,0.97453,0.917552,,147.79953,,,0.001,
1111,373.89,175,239.15,0.97453,,,,,,0.001,
1112,381.46,187,239.3,0.97453,,,,,,0.001,
1113,609.54,280,239.53,0.97453,,,,,,0.001,
1114,398.05,172,239.68,0.97453,,,,,,0.001,
1115,541.85,212,240.22,0.974521,-3.95837,,145.603073,,,0.001,
1116,420.95,169,240.37,0.974521,,,,,,0.001,
1117,310.38,142,240.49,0.974521,,,,,,0.001,
1118,347.32,167,240.62,0.974521,,,,,,0.001,
1119,209.11,112,240.7,0.974521,,,,,,0.001,
1120,445.0,191,241.17,0.974493,-1.302388,,124.901939,,,0.001,
1121,538.34,191,241.31,0.974493,,,,,,0.001,
1122,471.63,221,241.49,0.974493,,,,,,0.001,
1123,603.8,236,241.65,0.974493,,,,,,0.001,
1124,467.06,213,241.79,0.974493,,,,,,0.001,
1125,663.21,245,242.3,0.974446,-1.620674,,167.070816,,,0.001,
1126,351.27,170,242.47,0.974446,,,,,,0.001,
1127,355.97,174,242.57,0.974446,,,,,,0.001,
1128,256.73,142,242.65,0.974446,,,,,,0.001,
1129,366.88,179,242.8,0.974446,,,,,,0.001,
1130,447.23,197,243.3,0.974408,0.219252,,121.640717,,,0.001,
1131,345.79,164,243.47,0.974408,,,,,,0.001,
1132,373.03,196,243.58,0.974408,,,,,,0.001,
1133,538.25,236,243.72,0.974408,,,,,,0.001,
1134,608.09,275,243.87,0.974408,,,,,,0.001,
1135,361.54,167,244.35,0.974366,-0.319733,,139.143524,,,0.001,
1136,534.15,239,244.55,0.974366,,,,,,0.001,
1137,606.15,235,244.72,0.974366,,,,,,0.001,
1138,410.2,165,244.83,0.974366,,,,,,0.001,
1139,376.9,163,244.94,0.974366,,,,,,0.001,
1140,766.52,311,245.59,0.97435,1.502636,,165.341888,,,0.001,
1141,488.01,199,245.74,0.97435,,,,,,0.001,
1142,682.48,259,245.9,0.97435,,,,,,0.001,
1143,376.52,179,246.0,0.97435,,,,,,0.001,
1144,520.32,211,246.12,0.97435,,,,,,0.001,
1145,669.02,288,246.66,0.974337,0.01788,,164.526627,,,0.001,
1146,382.83,190,246.9,0.974337,,,,,,0.001,
1147,366.67,156,247.01,0.974337,,,,,,0.001,
1148,531.85,247,247.15,0.974337,,,,,,0.001,
1149,445.17,210,247.28,0.974337,,,,,,0.001,
1150,495.69,205,247.73,0.974327,0.091108,,140.555954,,,0.001,
1151,383.07,167,250.14,0.974327,,,,,,0.001,
1152,416.7,217,250.27,0.974327,,,,,,0.001,
1153,763.04,351,250.49,0.974327,,,,,,0.001,
1154,497.01,199,250.61,0.974327,,,,,,0.001,
1155,372.1,192,251.35,0.974344,2.018121,,145.500778,,,0.001,
1156,544.8,223,251.65,0.974344,,,,,,0.001,
1157,862.73,348,251.98,0.974344,,,,,,0.001,
1158,580.3,233,252.29,0.974344,,,,,,0.001,
1159,419.7,189,252.46,0.974344,,,,,,0.001,
1160,182.13,97,253.03,0.97441,4.561055,,163.74823,,,0.001,
1161,369.08,188,253.16,0.97441,,,,,,0.001,
1162,580.49,237,253.31,0.97441,,,,,,0.001,
1163,279.21,141,253.41,0.97441,,,,,,0.001,
1164,352.72,160,253.5,0.97441,,,,,,0.001,
1165,411.64,202,253.92,0.974494,1.74924,,131.812439,,,0.001,
1166,498.68,219,254.08,0.974494,,,,,,0.001,
1167,453.56,229,254.22,0.974494,,,,,,0.001,
1168,476.95,190,254.33,0.974494,,,,,,0.001,
1169,859.47,323,254.52,0.974494,,,,,,0.001,
1170,472.24,204,255.03,0.974545,-1.894271,,164.017532,,,0.001,
1171,430.17,187,255.16,0.974545,,,,,,0.001,
1172,420.91,206,255.32,0.974545,,,,,,0.001,
1173,360.39,181,255.46,0.974545,,,,,,0.001,
1174,698.24,311,255.69,0.974545,,,,,,0.001,
1175,232.42,128,256.18,0.974563,-1.981178,,135.57962,,,0.001,
1176,374.51,191,256.33,0.974563,,,,,,0.001,
1177,397.66,177,256.46,0.974563,,,,,,0.001,
1178,366.87,179,256.6,0.974563,,,,,,0.001,
1179,484.17,186,256.75,0.974563,,,,,,0.001,
1180,196.82,100,257.32,0.974564,-1.33304,,127.281235,,,0.001,
1181,405.99,207,257.46,0.974564,,,,,,0.001,
1182,539.25,227,257.61,0.974564,,,,,,0.001,
1183,671.68,270,257.76,0.974564,,,,,,0.001,
1184,355.97,168,257.86,0.974564,,,,,,0.001,
1185,907.67,374,258.49,0.974569,0.203299,,164.205154,,,0.001,
1186,524.95,218,258.65,0.974569,,,,,,0.001,
1187,403.48,226,258.8,0.974569,,,,,,0.001,
1188,328.15,149,258.89,0.974569,,,,,,0.001,
1189,511.33,231,259.01,0.974569,,,,,,0.001,
1190,378.35,179,259.47,0.974535,-2.668622,,136.261398,,,0.001,
1191,304.01,165,259.67,0.974535,,,,,,0.001,
1192,273.06,138,259.75,0.974535,,,,,,0.001,
1193,664.04,300,259.93,0.974535,,,,,,0.001,
1194,625.52,231,260.07,0.974535,,,,,,0.001,
1195,402.94,179,260.53,0.974531,1.94181,,146.55864,,,0.001,
1196,695.2,269,260.77,0.974531,,,,,,0.001,
1197,382.7,176,260.87,0.974531,,,,,,0.001,
1198,468.3,210,260.98,0.974531,,,,,,0.001,
1199,840.88,328,261.18,0.974531,,,,,,0.001,
1200,509.24,231,261.74,0.974564,2.44276,,169.228104,,,0.001,
1201,521.23,220,265.75,0.974564,,,,,,0.001,
1202,649.58,269,265.9,0.974564,,,,,,0.001,
1203,753.02,285,266.07,0.974564,,,,,,0.001,
1204,704.58,344,266.28,0.974564,,,,,,0.001,
1205,690.31,282,267.11,0.974568,-1.664188,,175.667496,,,0.001,
1206,559.35,308,267.48,0.974568,,,,,,0.001,
1207,972.87,364,267.88,0.974568,,,,,,0.001,
1208,769.55,306,268.15,0.974568,,,,,,0.001,
1209,418.83,256,268.33,0.974568,,,,,,0.001,
1210,695.04,312,269.07,0.974612,2.79345,,169.353348,,,0.001,
1211,590.92,222,269.25,0.974612,,,,,,0.001,
1212,538.64,227,269.46,0.974612,,,,,,0.001,
1213,656.56,244,269.64,0.974612,,,,,,0.001,
1214,177.43,111,269.72,0.974612,,,,,,0.001,
1215,975.46,429,270.56,0.974665,0.802273,,172.343781,,,0.001,
1216,788.64,340,270.8,0.974665,,,,,,0.001,
1217,456.41,182,270.93,0.974665,,,,,,0.001,
1218,731.4,300,271.15,0.974665,,,,,,0.001,
1219,553.37,288,271.36,0.974665,,,,,,0.001,
1220,1064.39,454,272.28,0.974724,0.718534,,176.78717,,,0.001,
1221,427.29,180,272.45,0.974724,,,,,,0.001,
1222,737.03,303,272.65,0.974724,,,,,,0.001,
1223,744.94,289,272.84,0.974724,,,,,,0.001,
1224,386.21,182,272.97,0.974724,,,,,,0.001,
1225,973.67,378,273.75,0.974743,-2.677902,,179.727615,,,0.001,
1226,448.23,214,273.99,0.974743,,,,,,0.001,
1227,864.78,373,274.21,0.974743,,,,,,0.001,
1228,468.85,195,274.33,0.974743,,,,,,0.001,
1229,873.28,365,274.55,0.974743,,,,,,0.001,
1230,799.95,301,275.2,0.974834,3.498333,,179.670837,,,0.001,
1231,549.8,256,275.37,0.974834,,,,,,0.001,
1232,1505.25,684,275.76,0.974834,,,,,,0.001,
1233,955.44,373,275.98,0.974834,,,,,,0.001,
1234,761.69,279,276.13,0.974834,,,,,,0.001,
1235,779.96,302,276.99,0.974953,2.81815,,193.158966,,,0.001,
1236,778.62,332,277.23,0.974953,,,,,,0.001,
1237,424.36,207,277.43,0.974953,,,,,,0.001,
1238,693.9,285,277.63,0.974953,,,,,,0.001,
1239,732.91,285,277.83,0.974953,,,,,,0.001,
1240,805.41,380,278.57,0.975121,3.672919,,174.914627,,,0.001,
1241,857.01,337,278.8,0.975121,,,,,,0.001,
1242,848.48,415,279.03,0.975121,,,,,,0.001,
1243,1003.91,466,279.36,0.975121,,,,,,0.001,
1244,919.32,425,279.61,0.975121,,,,,,0.001,
1245,541.24,307,280.47,0.975275,0.079162,,172.602768,,,0.001,
1246,674.42,329,280.71,0.975275,,,,,,0.001,
1247,617.4,221,280.86,0.975275,,,,,,0.001,
1248,750.16,327,281.1,0.975275,,,,,,0.001,
1249,402.68,204,281.24,0.975275,,,,,,0.001,
1250,442.36,277,282.02,0.975388,-1.763955,,150.442245,,,0.001,
1251,678.41,300,285.12,0.975388,,,,,,0.001,
1252,529.68,306,285.3,0.975388,,,,,,0.001,
1253,526.23,253,285.47,0.975388,,,,,,0.001,
1254,787.89,332,285.68,0.975388,,,,,,0.001,
1255,1752.09,782,287.05,0.975519,1.697019,,175.806793,,,0.001,
1256,474.35,208,287.22,0.975519,,,,,,0.001,
1257,460.78,204,287.34,0.975519,,,,,,0.001,
1258,843.66,382,287.58,0.975519,,,,,,0.001,
1259,368.08,176,287.68,0.975519,,,,,,0.001,
1260,1100.83,549,288.53,0.975653,0.574401,,161.796005,,,0.001,
1261,469.12,225,288.72,0.975653,,,,,,0.001,
1262,534.98,336,288.91,0.975653,,,,,,0.001,
1263,524.14,271,289.06,0.975653,,,,,,0.001,
1264,460.64,202,289.2,0.975653,,,,,,0.001,
1265,565.95,301,289.99,0.975772,-0.091593,,134.693848,,,0.001,
1266,414.89,201,290.15,0.975772,,,,,,0.001,
1267,680.81,262,290.36,0.975772,,,,,,0.001,
1268,787.62,350,290.61,0.975772,,,,,,0.001,
1269,655.72,319,290.83,0.975772,,,,,,0.001,
1270,872.06,383,291.74,0.97587,-0.650016,,170.644882,,,0.001,
1271,460.59,236,291.91,0.97587,,,,,,0.001,
1272,273.86,143,291.99,0.97587,,,,,,0.001,
1273,449.63,222,292.12,0.97587,,,,,,0.001,
1274,627.34,350,292.38,0.97587,,,,,,0.001,
1275,715.64,319,293.14,0.975991,2.456753,,138.107422,,,0.001,
1276,672.7,265,293.36,0.975991,,,,,,0.001,
1277,509.56,236,293.51,0.975991,,,,,,0.001,
1278,445.52,251,293.7,0.975991,,,,,,0.001,
1279,998.88,369,293.95,0.975991,,,,,,0.001,
1280,430.95,225,294.63,0.976106,0.773456,,165.744675,,,0.001,
1281,595.13,343,294.85,0.976106,,,,,,0.001,
1282,718.25,298,295.02,0.976106,,,,,,0.001,
1283,801.8,296,295.18,0.976106,,,,,,0.001,
1284,739.64,284,295.35,0.976106,,,,,,0.001,
1285,881.84,340,296.14,0.976208,-0.152629,,183.675766,,,0.001,
1286,118.21,81,296.19,0.976208,,,,,,0.001,
1287,750.1,276,296.4,0.976208,,,,,,0.001,
1288,707.99,329,296.6,0.976208,,,,,,0.001,
1289,800.08,312,296.77,0.976208,,,,,,0.001,
1290,408.07,231,297.32,0.976287,-1.398324,,163.926178,,,0.001,
1291,699.94,265,297.53,0.976287,,,,,,0.001,
1292,550.29,242,297.67,0.976287,,,,,,0.001,
1293,955.25,353,297.87,0.976287,,,,,,0.001,
1294,544.56,262,298.01,0.976287,,,,,,0.001,
1295,513.55,285,298.69,0.976385,3.026094,,169.378723,,,0.001,
1296,918.57,389,298.94,0.976385,,,,,,0.001,
1297,1471.17,864,299.44,0.976385,,,,,,0.001,
1298,357.81,191,299.55,0.976385,,,,,,0.001,
1299,579.83,233,299.69,0.976385,,,,,,0.001,
1300,748.92,304,300.65,0.976454,-1.018764,,164.893478,,,0.001,
1301,719.58,309,301.64,0.976454,,,,,,0.001,
1302,548.31,217,301.75,0.976454,,,,,,0.001,
1303,869.29,395,301.98,0.976454,,,,,,0.001,
1304,638.27,256,302.12,0.976454,,,,,,0.001,
1305,718.53,360,302.85,0.976491,-1.413599,,172.28096,,,0.001,
1306,1089.85,458,303.17,0.976491,,,,,,0.001,
1307,364.79,201,303.33,0.976491,,,,,,0.001,
1308,953.97,395,303.61,0.976491,,,,,,0.001,
1309,426.74,188,303.73,0.976491,,,,,,0.001,
1310,529.14,272,304.5,0.976515,-0.572055,,168.237457,,,0.001,
1311,1283.78,543,304.86,0.976515,,,,,,0.001,
1312,880.22,411,305.16,0.976515,,,,,,0.001,
1313,853.73,471,305.43,0.976515,,,,,,0.001,
1314,1122.99,594,305.78,0.976515,,,,,,0.001,
1315,611.79,245,306.68,0.976552,0.850326,,174.626953,,,0.001,
1316,180.2,99,306.74,0.976552,,,,,,0.001,
1317,396.1,299,306.96,0.976552,,,,,,0.001,
1318,1878.92,1000,307.61,0.976552,,,,,,0.001,
1319,1575.13,722,308.01,0.976552,,,,,,0.001,
1320,584.18,223,308.92,0.976571,-1.212235,,164.537537,,,0.001,
1321,426.25,212,309.08,0.976571,,,,,,0.001,
1322,593.83,271,309.28,0.976571,,,,,,0.001,
1323,569.63,260,309.44,0.976571,,,,,,0.001,
1324,383.28,184,309.53,0.976571,,,,,,0.001,
1325,460.31,205,310.03,0.976574,-0.951674,,143.98584,,,0.001,
1326,735.62,304,310.24,0.976574,,,,,,0.001,
1327,496.86,319,310.47,0.976574,,,,,,0.001,
1328,906.61,392,310.73,0.976574,,,,,,0.001,
1329,662.04,247,310.91,0.976574,,,,,,0.001,
1330,497.48,236,311.71,0.976596,1.371988,,164.144989,,,0.001,
1331,571.6,237,311.9,0.976596,,,,,,0.001,
1332,696.49,399,312.15,0.976596,,,,,,0.001,
1333,1367.24,602,312.5,0.976596,,,,,,0.001,
1334,517.32,236,312.64,0.976596,,,,,,0.001,
1335,1349.13,478,313.56,0.976589,-1.599479,,185.540833,,,0.001,
1336,783.0,304,313.77,0.976589,,,,,,0.001,
1337,725.02,326,313.96,0.976589,,,,,,0.001,
1338,814.62,405,314.25,0.976589,,,,,,0.001,
1339,449.65,219,314.39,0.976589,,,,,,0.001,
1340,388.08,193,314.99,0.976555,-1.770807,,162.586273,,,0.001,
1341,612.05,244,315.16,0.976555,,,,,,0.001,
1342,631.99,246,315.34,0.976555,,,,,,0.001,
1343,710.46,297,315.55,0.976555,,,,,,0.001,
1344,1025.75,478,315.9,0.976555,,,,,,0.001,
1345,679.19,309,316.66,0.976513,-0.79388,,177.520615,,,0.001,
1346,628.68,273,316.85,0.976513,,,,,,0.001,
1347,981.39,384,317.07,0.976513,,,,,,0.001,
1348,678.54,309,317.26,0.976513,,,,,,0.001,
1349,809.91,351,317.48,0.976513,,,,,,0.001,
1350,450.2,191,318.11,0.976498,1.520648,,179.553711,,,0.001,
1351,566.03,234,320.67,0.976498,,,,,,0.001,
1352,820.12,355,320.88,0.976498,,,,,,0.001,
1353,789.98,321,321.06,0.976498,,,,,,0.001,
1354,670.92,271,321.22,0.976498,,,,,,0.001,
1355,524.19,223,322.04,0.976491,0.345211,,178.159348,,,0.001,
1356,666.88,267,322.35,0.976491,,,,,,0.001,
1357,589.02,246,322.57,0.976491,,,,,,0.001,
1358,535.52,234,322.81,0.976491,,,,,,0.001,
1359,303.95,146,322.95,0.976491,,,,,,0.001,
1360,439.96,200,323.5,0.976574,4.320153,,155.895935,,,0.001,
1361,619.9,279,323.72,0.976574,,,,,,0.001,
1362,492.19,207,323.88,0.976574,,,,,,0.001,
1363,847.96,392,324.15,0.976574,,,,,,0.001,
1364,599.26,265,324.31,0.976574,,,,,,0.001,
1365,535.95,242,324.98,0.976625,-1.878562,,164.327667,,,0.001,
1366,538.09,264,325.18,0.976625,,,,,,0.001,
1367,441.69,200,325.33,0.976625,,,,,,0.001,
1368,422.47,218,325.48,0.976625,,,,,,0.001,
1369,538.71,275,325.63,0.976625,,,,,,0.001,
1370,692.1,313,326.4,0.976647,-1.206028,,144.679443,,,0.001,
1371,692.4,292,326.6,0.976647,,,,,,0.001,
1372,666.24,257,326.75,0.976647,,,,,,0.001,
1373,329.07,162,326.84,0.976647,,,,,,0.001,
1374,477.31,182,326.93,0.976647,,,,,,0.001,
1375,417.74,200,327.43,0.976709,4.506782,,158.561569,,,0.001,
1376,432.27,212,327.59,0.976709,,,,,,0.001,
1377,478.51,215,327.72,0.976709,,,,,,0.001,
1378,494.73,228,327.83,0.976709,,,,,,0.001,
1379,354.38,179,327.93,0.976709,,,,,,0.001,
1380,741.39,290,328.69,0.976782,0.874978,,151.749283,,,0.001,
1381,402.98,205,328.85,0.976782,,,,,,0.001,
1382,623.88,277,329.05,0.976782,,,,,,0.001,
1383,406.42,213,329.21,0.976782,,,,,,0.001,
1384,621.01,274,329.41,0.976782,,,,,,0.001,
1385,595.89,295,330.01,0.976859,0.38701,,148.892853,,,0.001,
1386,299.36,171,330.14,0.976859,,,,,,0.001,
1387,799.75,319,330.35,0.976859,,,,,,0.001,
1388,668.77,289,330.53,0.976859,,,,,,0.001,
1389,776.46,335,330.72,0.976859,,,,,,0.001,
1390,586.22,276,331.38,0.976925,-0.461085,,167.973358,,,0.001,
1391,487.31,209,331.57,0.976925,,,,,,0.001,
1392,1474.34,670,332.01,0.976925,,,,,,0.001,
1393,1428.04,593,332.43,0.976925,,,,,,0.001,
1394,738.99,360,332.68,0.976925,,,,,,0.001,
1395,556.95,278,333.7,0.977009,0.848582,,184.198196,,,0.001,
1396,393.89,206,333.84,0.977009,,,,,,0.001,
1397,1311.82,625,334.2,0.977009,,,,,,0.001,
1398,667.54,302,334.39,0.977009,,,,,,0.001,
1399,674.14,255,334.53,0.977009,,,,,,0.001,
1400,635.87,289,335.25,0.977072,-1.026224,,169.428146,,,0.001,
1401,489.86,280,338.36,0.977072,,,,,,0.001,
1402,440.49,233,338.56,0.977072,,,,,,0.001,
1403,1914.46,1000,339.26,0.977072,,,,,,0.001,
1404,410.75,252,339.52,0.977072,,,,,,0.001,
1405,658.06,249,340.85,0.977129,0.041889,,155.563141,,,0.001,
1406,803.2,369,341.15,0.977129,,,,,,0.001,
1407,636.6,291,341.36,0.977129,,,,,,0.001,
1408,579.54,236,341.54,0.977129,,,,,,0.001,
1409,657.5,309,341.76,0.977129,,,,,,0.001,
1410,754.6,364,342.69,0.977174,-0.327487,,167.011765,,,0.001,
1411,562.71,239,342.88,0.977174,,,,,,0.001,
1412,526.23,248,343.03,0.977174,,,,,,0.001,
1413,624.19,290,343.2,0.977174,,,,,,0.001,
1414,86.65,53,343.22,0.977174,,,,,,0.001,
1415,803.71,340,343.82,0.977205,-1.089336,,159.873734,,,0.001,
1416,593.58,235,343.98,0.977205,,,,,,0.001,
1417,1964.12,1000,344.59,0.977205,,,,,,0.001,
1418,469.46,188,344.7,0.977205,,,,,,0.001,
1419,842.28,394,344.92,0.977205,,,,,,0.001,
1420,1138.13,448,345.92,0.977266,1.727148,,184.09613,,,0.001,
1421,370.42,193,346.05,0.977266,,,,,,0.001,
1422,618.32,261,346.24,0.977266,,,,,,0.001,
1423,533.59,206,346.4,0.977266,,,,,,0.001,
1424,923.77,401,346.68,0.977266,,,,,,0.001,
1425,985.26,416,347.61,0.977286,-1.687549,,176.603119,,,0.001,
1426,796.75,324,347.84,0.977286,,,,,,0.001,
1427,573.06,214,348.0,0.977286,,,,,,0.001,
1428,547.99,299,348.2,0.977286,,,,,,0.001,
1429,878.17,386,348.47,0.977286,,,,,,0.001,
1430,365.13,190,349.19,0.977315,0.419308,,166.213058,,,0.001,
1431,680.03,373,349.47,0.977315,,,,,,0.001,
1432,758.09,317,349.68,0.977315,,,,,,0.001,
1433,1134.46,604,350.1,0.977315,,,,,,0.001,
1434,969.1,347,350.35,0.977315,,,,,,0.001,
1435,1068.47,509,351.62,0.977335,-0.22841,,174.037003,,,0.001,
1436,772.75,319,351.87,0.977335,,,,,,0.001,
1437,1313.93,704,352.28,0.977335,,,,,,0.001,
1438,738.53,317,352.47,0.977335,,,,,,0.001,
1439,1917.13,697,352.86,0.977335,,,,,,0.001,
1440,724.84,340,353.84,0.977276,-3.424293,,194.176132,,,0.001,
1441,676.26,291,354.08,0.977276,,,,,,0.001,
1442,469.89,247,354.22,0.977276,,,,,,0.001,
1443,915.98,448,354.48,0.977276,,,,,,0.001,
1444,404.44,204,354.6,0.977276,,,,,,0.001,
1445,639.96,244,355.24,0.977207,-0.748002,,160.763702,,,0.001,
1446,698.28,365,355.57,0.977207,,,,,,0.001,
1447,734.41,302,355.77,0.977207,,,,,,0.001,
1448,664.11,355,356.02,0.977207,,,,,,0.001,
1449,1198.98,438,356.32,0.977207,,,,,,0.001,
1450,487.48,254,357.13,0.977135,-0.734888,,172.69931,,,0.001,
1451,812.53,340,361.5,0.977135,,,,,,0.001,
1452,1857.47,958,362.2,0.977135,,,,,,0.001,
1453,514.07,199,362.35,0.977135,,,,,,0.001,
1454,339.72,203,362.69,0.977135,,,,,,0.001,
1455,288.98,160,363.83,0.977063,-0.361977,,163.834488,,,0.001,
1456,423.14,179,363.97,0.977063,,,,,,0.001,
1457,832.39,335,364.17,0.977063,,,,,,0.001,
1458,1610.88,581,364.5,0.977063,,,,,,0.001,
1459,395.61,186,364.61,0.977063,,,,,,0.001,
1460,639.26,259,365.29,0.977002,0.419943,,196.986633,,,0.001,
1461,724.71,310,365.52,0.977002,,,,,,0.001,
1462,386.69,192,365.63,0.977002,,,,,,0.001,
1463,609.54,227,365.75,0.977002,,,,,,0.001,
1464,854.38,371,365.96,0.977002,,,,,,0.001,
1465,186.71,114,366.43,0.976976,3.017707,,163.82402,,,0.001,
1466,435.96,158,366.54,0.976976,,,,,,0.001,
1467,591.58,227,366.7,0.976976,,,,,,0.001,
1468,465.11,235,366.83,0.976976,,,,,,0.001,
1469,922.02,370,367.03,0.976976,,,,,,0.001,
1470,680.83,258,367.62,0.97691,-3.893952,,176.164093,,,0.001,
1471,346.19,171,367.73,0.97691,,,,,,0.001,
1472,775.3,317,367.93,0.97691,,,,,,0.001,
1473,406.11,191,368.04,0.97691,,,,,,0.001,
1474,837.32,334,368.23,0.97691,,,,,,0.001,
1475,1575.63,582,369.13,0.97689,2.89623,,193.336563,,,0.001,
1476,555.48,248,369.33,0.97689,,,,,,0.001,
1477,834.66,363,369.52,0.97689,,,,,,0.001,
1478,474.65,197,369.63,0.97689,,,,,,0.001,
1479,684.29,297,369.8,0.97689,,,,,,0.001,
1480,458.26,236,370.37,0.976906,1.293539,,162.776367,,,0.001,
1481,675.95,297,370.57,0.976906,,,,,,0.001,
1482,393.61,193,370.68,0.976906,,,,,,0.001,
1483,721.92,279,370.83,0.976906,,,,,,0.001,
1484,582.93,292,371.01,0.976906,,,,,,0.001,
1485,998.64,420,371.77,0.976921,-0.000761,,171.931931,,,0.001,
1486,1096.88,424,372.04,0.976921,,,,,,0.001,
1487,116.18,70,372.07,0.976921,,,,,,0.001,
1488,1061.57,484,372.34,0.976921,,,,,,0.001,
1489,402.12,219,372.48,0.976921,,,,,,0.001,
1490,651.7,335,373.25,0.97693,-0.48553,,169.498566,,,0.001,
1491,244.47,126,373.38,0.97693,,,,,,0.001,
1492,617.92,338,373.59,0.97693,,,,,,0.001,
1493,678.6,305,373.76,0.97693,,,,,,0.001,
1494,398.69,196,373.88,0.97693,,,,,,0.001,
1495,722.41,292,374.48,0.976989,2.540673,,149.750336,,,0.001,
1496,681.24,234,374.66,0.976989,,,,,,0.001,
1497,328.9,172,374.78,0.976989,,,,,,0.001,
1498,579.11,269,374.94,0.976989,,,,,,0.001,
1499,456.14,222,375.06,0.976989,,,,,,0.001,
1500,948.84,349,375.69,0.977011,-2.953461,,170.655731,,,0.001,
1501,1067.53,444,379.16,0.977011,,,,,,0.001,
1502,703.23,295,379.33,0.977011,,,,,,0.001,
1503,325.85,175,379.42,0.977011,,,,,,0.001,
1504,732.01,281,379.6,0.977011,,,,,,0.001,
1505,787.19,342,380.59,0.97706,2.114195,,180.338074,,,0.001,
1506,643.51,255,380.82,0.97706,,,,,,0.001,
1507,297.37,180,381.03,0.97706,,,,,,0.001,
1508,449.69,262,381.26,0.97706,,,,,,0.001,
1509,263.02,159,381.4,0.97706,,,,,,0.001,
1510,324.39,179,381.99,0.9771,-0.482322,,121.546539,,,0.001,
1511,301.96,211,382.13,0.9771,,,,,,0.001,
1512,552.31,236,382.32,0.9771,,,,,,0.001,
1513,707.09,270,382.49,0.9771,,,,,,0.001,
1514,1011.57,515,382.87,0.9771,,,,,,0.001,
1515,662.65,238,383.66,0.977147,0.982808,,161.884018,,,0.001,
1516,593.58,211,383.82,0.977147,,,,,,0.001,
1517,321.22,170,383.92,0.977147,,,,,,0.001,
1518,451.1,166,384.01,0.977147,,,,,,0.001,
1519,339.69,186,384.11,0.977147,,,,,,0.001,
1520,647.58,272,384.65,0.977182,-1.004914,,152.282837,,,0.001,
1521,595.87,236,384.84,0.977182,,,,,,0.001,
1522,1154.95,416,385.14,0.977182,,,,,,0.001,
1523,894.03,344,385.4,0.977182,,,,,,0.001,
1524,664.84,324,385.62,0.977182,,,,,,0.001,
1525,1336.87,482,386.73,0.977268,3.010645,,206.73848,,,0.001,
1526,1471.14,592,387.17,0.977268,,,,,,0.001,
1527,1925.67,854,387.84,0.977268,,,,,,0.001,
1528,694.73,281,388.04,0.977268,,,,,,0.001,
1529,419.21,184,388.17,0.977268,,,,,,0.001,
1530,325.18,150,389.1,0.977354,0.687628,,192.624527,,,0.001,
1531,106.81,64,389.14,0.977354,,,,,,0.001,
1532,614.9,250,389.31,0.977354,,,,,,0.001,
1533,917.07,367,389.55,0.977354,,,,,,0.001,
1534,1465.55,505,389.83,0.977354,,,,,,0.001,
1535,903.34,334,390.54,0.977489,4.397961,,209.910324,,,0.001,
1536,945.1,346,390.77,0.977489,,,,,,0.001,
1537,537.42,241,390.9,0.977489,,,,,,0.001,
1538,597.3,286,391.07,0.977489,,,,,,0.001,
1539,106.63,67,391.1,0.977489,,,,,,0.001,
1540,559.99,296,391.78,0.977598,-0.933131,,160.146118,,,0.001,
1541,748.75,370,392.07,0.977598,,,,,,0.001,
1542,926.35,415,392.39,0.977598,,,,,,0.001,
1543,666.16,355,392.67,0.977598,,,,,,0.001,
1544,522.27,266,392.89,0.977598,,,,,,0.001,
1545,879.82,353,393.97,0.977682,-1.011648,,162.857437,,,0.001,
1546,411.32,233,394.19,0.977682,,,,,,0.001,
1547,487.07,195,394.38,0.977682,,,,,,0.001,
1548,1022.34,385,394.72,0.977682,,,,,,0.001,
1549,608.01,253,394.98,0.977682,,,,,,0.001,
1550,707.21,391,396.23,0.977722,-2.62131,,163.963745,,,0.001,
1551,865.25,392,399.44,0.977722,,,,,,0.001,
1552,488.7,260,399.64,0.977722,,,,,,0.001,
1553,900.4,364,399.9,0.977722,,,,,,0.001,
1554,1201.29,400,400.2,0.977722,,,,,,0.001,
1555,852.13,313,401.69,0.97774,-1.824206,,197.386963,,,0.001,
1556,381.6,184,401.88,0.97774,,,,,,0.001,
1557,1411.01,518,402.17,0.97774,,,,,,0.001,
1558,733.2,292,402.34,0.97774,,,,,,0.001,
1559,664.1,240,402.47,0.97774,,,,,,0.001,
1560,291.8,170,403.1,0.977744,-1.744378,,189.198914,,,0.001,
1561,328.15,187,403.25,0.977744,,,,,,0.001,
1562,1019.09,453,403.55,0.977744,,,,,,0.001,
1563,765.67,294,403.7,0.977744,,,,,,0.001,
1564,717.52,274,403.86,0.977744,,,,,,0.001,
1565,954.91,562,404.76,0.977776,2.278652,,167.237076,,,0.001,
1566,667.32,240,404.97,0.977776,,,,,,0.001,
1567,970.64,381,405.17,0.977776,,,,,,0.001,
1568,1306.96,591,405.54,0.977776,,,,,,0.001,
1569,618.31,299,405.71,0.977776,,,,,,0.001,
1570,776.58,302,406.54,0.977807,0.253723,,191.060318,,,0.001,
1571,1446.84,669,406.96,0.977807,,,,,,0.001,
1572,425.49,232,407.09,0.977807,,,,,,0.001,
1573,840.68,341,407.31,0.977807,,,,,,0.001,
1574,421.01,213,407.43,0.977807,,,,,,0.001,
1575,594.9,233,408.15,0.977872,2.054353,,172.937668,,,0.001,
1576,421.16,236,408.34,0.977872,,,,,,0.001,
1577,876.37,324,408.53,0.977872,,,,,,0.001,
1578,821.6,301,408.71,0.977872,,,,,,0.001,
1579,624.33,275,408.86,0.977872,,,,,,0.001,
1580,972.28,379,409.63,0.977979,3.408561,,187.137772,,,0.001,
1581,629.41,255,409.81,0.977979,,,,,,0.001,
1582,409.75,189,409.91,0.977979,,,,,,0.001,
1583,639.94,256,410.05,0.977979,,,,,,0.001,
1584,1202.05,492,410.33,0.977979,,,,,,0.001,
1585,928.36,374,411.1,0.978101,2.068866,,187.884995,,,0.001,
1586,491.89,207,411.24,0.978101,,,,,,0.001,
1587,714.44,272,411.43,0.978101,,,,,,0.001,
1588,337.97,162,411.52,0.978101,,,,,,0.001,
1589,1080.16,401,411.76,0.978101,,,,,,0.001,
1590,1013.72,375,412.48,0.978193,-1.253839,,194.559174,,,0.001,
1591,268.74,136,412.56,0.978193,,,,,,0.001,
1592,571.85,241,412.73,0.978193,,,,,,0.001,
1593,831.07,371,413.01,0.978193,,,,,,0.001,
1594,590.77,240,413.15,0.978193,,,,,,0.001,
1595,366.41,183,413.65,0.978264,-0.903663,,156.04245,,,0.001,
1596,560.68,233,413.84,0.978264,,,,,,0.001,
1597,653.6,287,414.05,0.978264,,,,,,0.001,
1598,509.86,199,414.19,0.978264,,,,,,0.001,
1599,325.52,153,414.32,0.978264,,,,,,0.001,
1600,726.19,268,414.89,0.978341,1.22499,,167.847183,,,0.001,
1601,304.21,139,416.08,0.978341,,,,,,0.001,
1602,525.32,216,416.21,0.978341,,,,,,0.001,
1603,435.64,189,416.32,0.978341,,,,,,0.001,
1604,543.47,206,416.48,0.978341,,,,,,0.001,
1605,335.52,165,416.88,0.978431,0.990014,,144.35817,,,0.001,
1606,404.13,152,416.99,0.978431,,,,,,0.001,
1607,732.79,289,417.18,0.978431,,,,,,0.001,
1608,302.18,132,417.24,0.978431,,,,,,0.001,
1609,518.2,205,417.39,0.978431,,,,,,0.001,
1610,522.69,230,417.85,0.978578,3.473693,,161.289307,,,0.001,
1611,371.0,163,417.95,0.978578,,,,,,0.001,
1612,440.89,214,418.09,0.978578,,,,,,0.001,
1613,421.08,154,418.18,0.978578,,,,,,0.001,
1614,426.64,162,418.28,0.978578,,,,,,0.001,
1615,331.52,146,418.68,0.97875,3.778862,,138.112762,,,0.001,
1616,325.5,128,418.76,0.97875,,,,,,0.001,
1617,529.94,210,418.9,0.97875,,,,,,0.001,
1618,357.2,135,418.98,0.97875,,,,,,0.001,
1619,387.08,140,419.06,0.97875,,,,,,0.001,
1620,573.15,200,419.49,0.978881,-2.521581,,156.614319,,,0.001,
1621,700.63,276,419.69,0.978881,,,,,,0.001,
1622,486.09,172,419.81,0.978881,,,,,,0.001,
1623,288.6,132,419.91,0.978881,,,,,,0.001,
1624,447.61,178,420.02,0.978881,,,,,,0.001,
1625,535.28,211,420.62,0.978958,-1.957461,,162.758118,,,0.001,
1626,552.04,200,420.78,0.978958,,,,,,0.001,
1627,316.44,147,420.88,0.978958,,,,,,0.001,
1628,353.41,166,420.99,0.978958,,,,,,0.001,
1629,618.12,234,421.16,0.978958,,,,,,0.001,
1630,549.5,206,421.73,0.979033,0.858204,,158.657089,,,0.001,
1631,305.42,141,421.83,0.979033,,,,,,0.001,
1632,294.54,141,421.93,0.979033,,,,,,0.001,
1633,528.71,210,422.09,0.979033,,,,,,0.001,
1634,314.78,119,422.18,0.979033,,,,,,0.001,
1635,501.36,170,422.69,0.979036,-4.695814,,141.691238,,,0.001,
1636,493.31,205,422.85,0.979036,,,,,,0.001,
1637,394.18,156,422.96,0.979036,,,,,,0.001,
1638,599.68,231,423.12,0.979036,,,,,,0.001,
1639,329.56,150,423.21,0.979036,,,,,,0.001,
1640,464.96,206,423.69,0.979045,0.562528,,151.361374,,,0.001,
1641,377.56,186,423.88,0.979045,,,,,,0.001,
1642,482.09,197,424.01,0.979045,,,,,,0.001,
1643,620.48,246,424.16,0.979045,,,,,,0.001,
1644,881.73,338,424.39,0.979045,,,,,,0.001,
1645,364.7,179,424.95,0.978963,-6.279926,,163.756851,,,0.001,
1646,576.56,207,425.12,0.978963,,,,,,0.001,
1647,549.89,210,425.26,0.978963,,,,,,0.001,
1648,941.39,341,425.47,0.978963,,,,,,0.001,
1649,776.0,301,425.73,0.978963,,,,,,0.001,
1650,643.47,232,426.39,0.978905,1.305278,,194.985245,,,0.001,
1651,248.92,125,428.68,0.978905,,,,,,0.001,
1652,714.05,258,428.83,0.978905,,,,,,0.001,
1653,385.91,152,428.95,0.978905,,,,,,0.001,
1654,951.53,342,429.19,0.978905,,,,,,0.001,
1655,824.18,292,429.86,0.978839,-0.960086,,190.974319,,,0.001,
1656,557.58,246,430.07,0.978839,,,,,,0.001,
1657,1224.48,535,430.53,0.978839,,,,,,0.001,
1658,880.49,317,430.78,0.978839,,,,,,0.001,
1659,705.38,240,430.93,0.978839,,,,,,0.001,
1660,772.5,318,431.81,0.978762,-1.266572,,194.386566,,,0.001,
1661,565.22,253,432.01,0.978762,,,,,,0.001,
1662,832.79,301,432.21,0.978762,,,,,,0.001,
1663,967.67,350,432.43,0.978762,,,,,,0.001,
1664,625.05,285,432.65,0.978762,,,,,,0.001,
1665,393.44,181,433.37,0.978728,1.775283,,183.600357,,,0.001,
1666,1045.11,386,433.67,0.978728,,,,,,0.001,
1667,506.21,267,433.83,0.978728,,,,,,0.001,
1668,863.12,310,434.03,0.978728,,,,,,0.001,
1669,705.96,328,434.22,0.978728,,,,,,0.001,
1670,824.99,295,435.03,0.978672,-1.857873,,191.886826,,,0.001,
1671,877.75,365,435.32,0.978672,,,,,,0.001,
1672,932.78,366,435.61,0.978672,,,,,,0.001,
1673,379.46,224,435.78,0.978672,,,,,,0.001,
1674,877.76,303,435.98,0.978672,,,,,,0.001,
1675,514.71,270,436.75,0.978612,-1.049916,,176.957458,,,0.001,
1676,723.3,277,436.99,0.978612,,,,,,0.001,
1677,1050.93,448,437.34,0.978612,,,,,,0.001,
1678,783.03,442,437.71,0.978612,,,,,,0.001,
1679,894.85,454,437.99,0.978612,,,,,,0.001,
1680,807.63,376,439.02,0.978576,0.971134,,169.905121,,,0.001,
1681,467.44,221,439.25,0.978576,,,,,,0.001,
1682,804.64,367,439.56,0.978576,,,,,,0.001,
1683,172.43,114,439.63,0.978576,,,,,,0.001,
1684,671.35,241,439.79,0.978576,,,,,,0.001,
1685,944.62,350,440.6,0.978508,-4.114686,,174.364136,,,0.001,
1686,762.53,284,440.81,0.978508,,,,,,0.001,
1687,703.34,266,440.99,0.978508,,,,,,0.001,
1688,470.27,275,441.16,0.978508,,,,,,0.001,
1689,777.49,270,441.33,0.978508,,,,,,0.001,
1690,407.31,179,441.91,0.978459,0.93286,,174.963669,,,0.001,
1691,349.4,203,442.08,0.978459,,,,,,0.001,
1692,1094.29,514,442.42,0.978459,,,,,,0.001,
1693,1120.84,423,442.68,0.978459,,,,,,0.001,
1694,695.44,255,442.88,0.978459,,,,,,0.001,
1695,302.61,157,443.61,0.978408,-0.748512,,176.737579,,,0.001,
1696,624.68,246,443.78,0.978408,,,,,,0.001,
1697,873.48,317,443.97,0.978408,,,,,,0.001,
1698,544.96,281,444.14,0.978408,,,,,,0.001,
1699,498.15,270,444.3,0.978408,,,,,,0.001,
1700,962.74,314,444.94,0.978411,3.861225,,180.581299,,,0.001,
1701,726.67,252,446.15,0.978411,,,,,,0.001,
1702,571.11,287,446.32,0.978411,,,,,,0.001,
1703,278.13,179,446.43,0.978411,,,,,,0.001,
1704,587.49,234,446.58,0.978411,,,,,,0.001,
1705,815.85,283,447.16,0.978406,-0.871449,,170.19548,,,0.001,
1706,739.46,273,447.37,0.978406,,,,,,0.001,
1707,316.46,152,447.5,0.978406,,,,,,0.001,
1708,597.83,234,447.65,0.978406,,,,,,0.001,
1709,925.34,521,448.03,0.978406,,,,,,0.001,
1710,898.14,331,448.91,0.978403,0.172064,,173.906754,,,0.001,
1711,2636.82,900,449.48,0.978403,,,,,,0.001,
1712,798.76,321,449.67,0.978403,,,,,,0.001,
1713,689.3,358,449.96,0.978403,,,,,,0.001,
1714,694.28,238,450.1,0.978403,,,,,,0.001,
1715,546.9,231,450.92,0.978435,1.971016,,216.686951,,,0.001,
1716,852.61,484,451.22,0.978435,,,,,,0.001,
1717,1274.78,446,451.48,0.978435,,,,,,0.001,
1718,1562.71,605,451.83,0.978435,,,,,,0.001,
1719,452.23,173,451.94,0.978435,,,,,,0.001,
1720,425.02,250,452.77,0.9784,-3.446259,,191.028931,,,0.001,
1721,675.75,250,452.96,0.9784,,,,,,0.001,
1722,1230.35,494,453.31,0.9784,,,,,,0.001,
1723,856.6,321,453.58,0.9784,,,,,,0.001,
1724,799.86,277,453.76,0.9784,,,,,,0.001,
1725,943.41,347,454.68,0.978338,-2.247951,,210.013382,,,0.001,
1726,264.94,177,454.8,0.978338,,,,,,0.001,
1727,1364.54,496,455.1,0.978338,,,,,,0.001,
1728,858.99,320,455.27,0.978338,,,,,,0.001,
1729,685.73,263,455.43,0.978338,,,,,,0.001,
1730,716.13,256,456.09,0.978293,1.186813,,198.669815,,,0.001,
1731,1503.25,649,456.52,0.978293,,,,,,0.001,
1732,597.44,217,456.63,0.978293,,,,,,0.001,
1733,941.96,356,456.84,0.978293,,,,,,0.001,
1734,441.09,175,456.94,0.978293,,,,,,0.001,
1735,1455.47,528,457.98,0.978217,-1.815802,,209.764709,,,0.001,
1736,909.28,321,458.22,0.978217,,,,,,0.001,
1737,1531.01,734,458.73,0.978217,,,,,,0.001,
1738,828.38,278,458.87,0.978217,,,,,,0.001,
1739,978.71,337,459.14,0.978217,,,,,,0.001,
1740,739.36,372,460.32,0.978093,-2.656991,,196.379272,,,0.001,
1741,1183.94,568,460.69,0.978093,,,,,,0.001,
1742,488.87,185,460.81,0.978093,,,,,,0.001,
1743,673.5,283,460.96,0.978093,,,,,,0.001,
1744,561.41,296,461.13,0.978093,,,,,,0.001,
1745,1579.86,576,462.14,0.977997,1.369654,,190.390549,,,0.001,
1746,350.91,153,462.31,0.977997,,,,,,0.001,
1747,403.08,188,462.45,0.977997,,,,,,0.001,
1748,643.75,242,462.61,0.977997,,,,,,0.001,
1749,666.25,270,462.75,0.977997,,,,,,0.001,
1750,689.08,253,463.35,0.97791,-0.024537,,170.132034,,,0.001,
1751,554.36,209,465.03,0.97791,,,,,,0.001,
1752,795.18,291,465.21,0.97791,,,,,,0.001,
1753,888.38,317,465.41,0.97791,,,,,,0.001,
1754,587.85,254,465.58,0.97791,,,,,,0.001,
1755,738.72,287,466.32,0.977846,0.731268,,193.237015,,,0.001,
1756,686.99,240,466.54,0.977846,,,,,,0.001,
1757,411.29,179,466.66,0.977846,,,,,,0.001,
1758,588.53,244,466.86,0.977846,,,,,,0.001,
1759,594.4,216,467.02,0.977846,,,,,,0.001,
1760,1710.43,624,467.99,0.977818,2.586122,,204.989639,,,0.001,
1761,1520.07,609,468.42,0.977818,,,,,,0.001,
1762,685.01,262,468.59,0.977818,,,,,,0.001,
1763,656.63,242,468.74,0.977818,,,,,,0.001,
1764,416.1,186,468.86,0.977818,,,,,,0.001,
1765,567.16,220,469.6,0.977819,1.858339,,194.175369,,,0.001,
1766,1506.3,629,470.03,0.977819,,,,,,0.001,
1767,200.17,113,470.1,0.977819,,,,,,0.001,
1768,623.45,238,470.22,0.977819,,,,,,0.001,
1769,606.89,223,470.36,0.977819,,,,,,0.001,
1770,768.51,273,471.13,0.97778,-2.623916,,192.467545,,,0.001,
1771,512.13,187,471.26,0.97778,,,,,,0.001,
1772,354.32,178,471.42,0.97778,,,,,,0.001,
1773,928.92,337,471.66,0.97778,,,,,,0.001,
1774,575.87,242,471.84,0.97778,,,,,,0.001,
1775,1174.86,413,472.62,0.97775,0.557794,,194.980423,,,0.001,
1776,1774.56,798,473.12,0.97775,,,,,,0.001,
1777,642.68,265,473.31,0.97775,,,,,,0.001,
1778,2085.43,907,473.86,0.97775,,,,,,0.001,
1779,1108.31,476,474.13,0.97775,,,,,,0.001,
1780,1287.54,536,475.5,0.977728,0.281243,,201.884262,,,0.001,
1781,2212.12,873,476.01,0.977728,,,,,,0.001,
1782,728.4,268,476.15,0.977728,,,,,,0.001,
1783,818.16,291,476.33,0.977728,,,,,,0.001,
1784,285.71,127,476.4,0.977728,,,,,,0.001,
1785,660.59,228,477.12,0.977698,-0.715097,,208.429108,,,0.001,
1786,582.69,212,477.26,0.977698,,,,,,0.001,
1787,679.05,253,477.43,0.977698,,,,,,0.001,
1788,637.69,229,477.56,0.977698,,,,,,0.001,
1789,626.64,224,477.68,0.977698,,,,,,0.001,
1790,591.52,239,478.21,0.977645,-2.894358,,187.456589,,,0.001,
1791,1354.43,464,478.53,0.977645,,,,,,0.001,
1792,884.22,292,478.7,0.977645,,,,,,0.001,
1793,1262.91,446,478.95,0.977645,,,,,,0.001,
1794,606.53,240,479.09,0.977645,,,,,,0.001,
1795,629.63,220,479.8,0.97763,1.882378,,224.528366,,,0.001,
1796,719.95,252,479.97,0.97763,,,,,,0.001,
1797,275.66,144,480.05,0.97763,,,,,,0.001,
1798,940.63,331,480.24,0.97763,,,,,,0.001,
1799,1392.97,629,480.66,0.97763,,,,,,0.001,
1800,824.99,364,481.43,0.977592,-1.366146,,190.810333,,,0.001,
1801,1576.76,750,482.48,0.977592,,,,,,0.001,
1802,528.28,270,482.63,0.977592,,,,,,0.001,
1803,672.63,248,482.78,0.977592,,,,,,0.001,
1804,1428.94,581,483.19,0.977592,,,,,,0.001,
1805,619.58,227,484.11,0.977586,1.091128,,188.75354,,,0.001,
1806,2106.42,793,484.72,0.977586,,,,,,0.001,
1807,598.11,247,484.91,0.977586,,,,,,0.001,
1808,660.71,255,485.08,0.977586,,,,,,0.001,
1809,682.55,253,485.28,0.977586,,,,,,0.001,
1810,1670.48,660,486.48,0.977595,0.929726,,217.97403,,,0.001,
1811,853.82,300,486.68,0.977595,,,,,,0.001,
1812,446.09,159,486.78,0.977595,,,,,,0.001,
1813,587.32,237,486.93,0.977595,,,,,,0.001,
1814,423.61,156,487.04,0.977595,,,,,,0.001,
1815,1768.12,650,488.16,0.977568,-3.778781,,208.924911,,,0.001,
1816,546.72,193,488.33,0.977568,,,,,,0.001,
1817,659.87,234,488.5,0.977568,,,,,,0.001,
1818,1158.95,436,488.81,0.977568,,,,,,0.001,
1819,1553.85,528,489.19,0.977568,,,,,,0.001,
1820,558.57,232,489.95,0.977596,4.797955,,217.442047,,,0.001,
1821,719.28,239,490.14,0.977596,,,,,,0.001,
1822,1106.6,480,490.49,0.977596,,,,,,0.001,
1823,511.62,167,490.61,0.977596,,,,,,0.001,
1824,536.52,190,490.74,0.977596,,,,,,0.001,
1825,2012.84,755,491.96,0.977634,0.991529,,213.743652,,,0.001,
1826,1283.55,446,492.36,0.977634,,,,,,0.001,
1827,898.23,291,492.53,0.977634,,,,,,0.001,
1828,398.4,190,492.65,0.977634,,,,,,0.001,
1829,1119.22,410,492.87,0.977634,,,,,,0.001,
1830,694.63,247,493.54,0.97762,-2.759453,,215.168182,,,0.001,
1831,526.72,183,493.69,0.97762,,,,,,0.001,
1832,1070.56,359,493.94,0.97762,,,,,,0.001,
1833,690.9,228,494.11,0.97762,,,,,,0.001,
1834,474.85,154,494.22,0.97762,,,,,,0.001,
1835,1003.3,327,494.93,0.977608,-0.074488,,216.902878,,,0.001,
1836,511.14,201,495.09,0.977608,,,,,,0.001,
1837,409.0,140,495.18,0.977608,,,,,,0.001,
1838,627.79,226,495.32,0.977608,,,,,,0.001,
1839,645.45,235,495.46,0.977608,,,,,,0.001,
1840,726.65,285,496.01,0.977614,1.206725,,181.722275,,,0.001,
1841,656.97,225,496.19,0.977614,,,,,,0.001,
1842,625.97,249,496.38,0.977614,,,,,,0.001,
1843,740.09,258,496.57,0.977614,,,,,,0.001,
1844,1265.71,495,496.92,0.977614,,,,,,0.001,
1845,929.98,318,497.7,0.977547,-3.004513,,210.176483,,,0.001,
1846,577.06,272,497.9,0.977547,,,,,,0.001,
1847,910.32,290,498.1,0.977547,,,,,,0.001,
1848,475.29,169,498.23,0.977547,,,,,,0.001,
1849,1309.75,456,498.61,0.977547,,,,,,0.001,
1850,656.91,221,499.34,0.977487,0.112506,,207.599747,,,0.001,
1851,428.86,143,502.71,0.977487,,,,,,0.001,
1852,398.92,134,502.78,0.977487,,,,,,0.001,
1853,977.05,360,502.98,0.977487,,,,,,0.001,
1854,299.61,151,503.08,0.977487,,,,,,0.001,
1855,606.62,211,503.56,0.977473,3.570653,,177.902771,,,0.001,
1856,808.58,263,503.77,0.977473,,,,,,0.001,
1857,387.94,133,503.86,0.977473,,,,,,0.001,
1858,378.26,139,503.95,0.977473,,,,,,0.001,
1859,561.01,202,504.16,0.977473,,,,,,0.001,
1860,636.48,234,504.81,0.977456,-0.454718,,184.958939,,,0.001,
1861,440.75,154,504.94,0.977456,,,,,,0.001,
1862,548.65,188,505.08,0.977456,,,,,,0.001,
1863,457.34,156,505.19,0.977456,,,,,,0.001,
1864,420.9,140,505.3,0.977456,,,,,,0.001,
1865,660.4,232,505.84,0.977405,-4.892937,,176.956863,,,0.001,
1866,534.35,205,505.99,0.977405,,,,,,0.001,
1867,763.12,248,506.12,0.977405,,,,,,0.001,
1868,351.31,152,506.21,0.977405,,,,,,0.001,
1869,574.41,198,506.32,0.977405,,,,,,0.001,
1870,725.53,261,506.87,0.977322,-3.390483,,186.952332,,,0.001,
1871,444.26,189,507.05,0.977322,,,,,,0.001,
1872,457.41,150,507.14,0.977322,,,,,,0.001,
1873,482.57,184,507.25,0.977322,,,,,,0.001,
1874,370.33,148,507.35,0.977322,,,,,,0.001,
1875,639.76,209,507.95,0.977235,-1.15619,,164.969101,,,0.001,
1876,329.91,144,508.07,0.977235,,,,,,0.001,
1877,433.76,147,508.25,0.977235,,,,,,0.001,
1878,434.41,161,508.36,0.977235,,,,,,0.001,
1879,458.59,168,508.45,0.977235,,,,,,0.001,
1880,541.35,190,508.84,0.977201,3.369015,,157.609146,,,0.001,
1881,348.72,129,508.93,0.977201,,,,,,0.001,
1882,317.51,128,509.03,0.977201,,,,,,0.001,
1883,481.94,176,509.14,0.977201,,,,,,0.001,
1884,346.19,136,509.2,0.977201,,,,,,0.001,
1885,505.52,185,509.58,0.977132,-3.242235,,148.132797,,,0.001,
1886,381.46,147,509.67,0.977132,,,,,,0.001,
1887,336.68,135,509.77,0.977132,,,,,,0.001,
1888,336.66,136,509.84,0.977132,,,,,,0.001,
1889,377.98,134,509.92,0.977132,,,,,,0.001,
1890,481.71,170,510.28,0.977059,-0.768425,,143.568558,,,0.001,
1891,559.97,202,510.46,0.977059,,,,,,0.001,
1892,385.05,139,510.54,0.977059,,,,,,0.001,
1893,332.12,126,510.6,0.977059,,,,,,0.001,
1894,346.02,129,510.68,0.977059,,,,,,0.001,
1895,223.19,105,510.97,0.977003,1.222038,,142.682922,,,0.001,
1896,464.94,167,511.08,0.977003,,,,,,0.001,
1897,311.64,136,511.19,0.977003,,,,,,0.001,
1898,330.75,123,511.27,0.977003,,,,,,0.001,
1899,525.13,171,511.4,0.977003,,,,,,0.001,
1900,356.05,142,511.79,0.977008,7.77371,,148.177658,,,0.001,
1901,533.65,197,513.25,0.977008,,,,,,0.001,
1902,345.21,147,513.36,0.977008,,,,,,0.001,
1903,286.27,130,513.44,0.977008,,,,,,0.001,
1904,539.57,211,513.56,0.977008,,,,,,0.001,
1905,391.2,147,513.93,0.977049,3.919377,,149.091293,,,0.001,
1906,734.32,271,514.14,0.977049,,,,,,0.001,
1907,354.5,147,514.27,0.977049,,,,,,0.001,
1908,531.24,176,514.43,0.977049,,,,,,0.001,
1909,663.77,222,514.58,0.977049,,,,,,0.001,
1910,367.65,147,515.1,0.97709,0.424536,,175.527176,,,0.001,
1911,430.44,148,515.21,0.97709,,,,,,0.001,
1912,394.67,152,515.35,0.97709,,,,,,0.001,
1913,1062.4,350,515.61,0.97709,,,,,,0.001,
1914,378.26,140,515.71,0.97709,,,,,,0.001,
1915,684.17,219,516.31,0.977125,-0.084521,,194.311768,,,0.001,
1916,605.86,222,516.49,0.977125,,,,,,0.001,
1917,392.66,156,516.57,0.977125,,,,,,0.001,
1918,767.37,297,516.74,0.977125,,,,,,0.001,
1919,601.11,197,516.86,0.977125,,,,,,0.001,
1920,759.08,257,517.38,0.977162,0.369996,,189.775345,,,0.001,
1921,406.08,156,517.52,0.977162,,,,,,0.001,
1922,758.78,268,517.71,0.977162,,,,,,0.001,
1923,630.5,221,517.87,0.977162,,,,,,0.001,
1924,173.75,81,517.92,0.977162,,,,,,0.001,
1925,881.29,285,518.56,0.977156,-4.939957,,190.615601,,,0.001,
1926,416.66,144,518.67,0.977156,,,,,,0.001,
1927,613.66,208,518.81,0.977156,,,,,,0.001,
1928,834.22,280,519.0,0.977156,,,,,,0.001,
1929,810.37,272,519.2,0.977156,,,,,,0.001,
1930,397.51,158,519.72,0.977138,-1.068354,,195.433716,,,0.001,
1931,646.98,231,519.89,0.977138,,,,,,0.001,
1932,498.22,177,520.02,0.977138,,,,,,0.001,
1933,569.91,197,520.14,0.977138,,,,,,0.001,
1934,658.63,228,520.32,0.977138,,,,,,0.001,
1935,366.61,138,520.83,0.977136,1.340696,,181.912567,,,0.001,
1936,407.92,143,520.94,0.977136,,,,,,0.001,
1937,1525.48,601,521.39,0.977136,,,,,,0.001,
1938,827.72,257,521.58,0.977136,,,,,,0.001,
1939,778.4,301,521.78,0.977136,,,,,,0.001,
1940,470.77,166,522.6,0.977136,0.181259,,205.016754,,,0.001,
1941,658.5,232,522.78,0.977136,,,,,,0.001,
1942,335.97,124,522.86,0.977136,,,,,,0.001,
1943,519.5,205,522.98,0.977136,,,,,,0.001,
1944,495.62,198,523.11,0.977136,,,,,,0.001,
1945,622.69,223,523.67,0.977139,0.321927,,172.88736,,,0.001,
1946,560.69,179,523.78,0.977139,,,,,,0.001,
1947,435.45,170,523.89,0.977139,,,,,,0.001,
1948,682.17,248,524.04,0.977139,,,,,,0.001,
1949,940.97,333,524.23,0.977139,,,,,,0.001,
1950,237.11,154,524.69,0.977153,0.931602,,178.858063,,,0.001,
1951,299.62,128,525.57,0.977153,,,,,,0.001,
1952,2437.71,1000,526.14,0.977153,,,,,,0.001,
1953,1551.13,647,526.52,0.977153,,,,,,0.001,
1954,724.54,239,526.66,0.977153,,,,,,0.001,
1955,878.75,286,527.64,0.977144,-1.21799,,213.142303,,,0.001,
1956,348.09,170,527.76,0.977144,,,,,,0.001,
1957,248.36,146,527.86,0.977144,,,,,,0.001,
1958,702.81,236,527.98,0.977144,,,,,,0.001,
1959,166.0,93,528.04,0.977144,,,,,,0.001,
1960,343.15,186,528.45,0.977165,2.964108,,130.222809,,,0.001,
1961,2053.0,875,528.97,0.977165,,,,,,0.001,
1962,567.3,182,529.08,0.977165,,,,,,0.001,
1963,1205.06,417,529.32,0.977165,,,,,,0.001,
1964,1825.89,746,529.72,0.977165,,,,,,0.001,
1965,395.09,143,530.6,0.977167,-0.779008,,214.326645,,,0.001,
1966,325.03,168,530.71,0.977167,,,,,,0.001,
1967,383.69,149,530.8,0.977167,,,,,,0.001,
1968,809.92,267,530.96,0.977167,,,,,,0.001,
1969,207.07,133,531.03,0.977167,,,,,,0.001,
1970,302.04,155,531.41,0.977117,-5.324777,,143.122421,,,0.001,
1971,1034.88,532,531.73,0.977117,,,,,,0.001,
1972,775.6,266,531.87,0.977117,,,,,,0.001,
1973,882.45,383,532.09,0.977117,,,,,,0.001,
1974,475.15,164,532.18,0.977117,,,,,,0.001,
1975,409.41,163,532.78,0.97711,2.185971,,176.909821,,,0.001,
1976,375.46,130,532.95,0.97711,,,,,,0.001,
1977,386.37,152,533.04,0.97711,,,,,,0.001,
1978,591.93,206,533.15,0.97711,,,,,,0.001,
1979,658.38,220,533.29,0.97711,,,,,,0.001,
1980,918.16,323,533.95,0.977152,5.455688,,190.022873,,,0.001,
1981,707.89,255,534.12,0.977152,,,,,,0.001,
1982,1021.64,363,534.34,0.977152,,,,,,0.001,
1983,383.66,207,534.49,0.977152,,,,,,0.001,
1984,346.33,130,534.57,0.977152,,,,,,0.001,
1985,374.25,140,535.02,0.977171,-1.677357,,175.061234,,,0.001,
1986,1727.17,617,535.42,0.977171,,,,,,0.001,
1987,494.16,187,535.52,0.977171,,,,,,0.001,
1988,777.07,274,535.67,0.977171,,,,,,0.001,
1989,586.34,206,535.8,0.977171,,,,,,0.001,
1990,663.95,251,536.5,0.977198,1.100586,,211.240067,,,0.001,
1991,620.94,210,536.67,0.977198,,,,,,0.001,
1992,512.8,190,536.8,0.977198,,,,,,0.001,
1993,353.33,134,536.9,0.977198,,,,,,0.001,
1994,316.44,135,536.99,0.977198,,,,,,0.001,
1995,329.07,120,537.43,0.977247,2.14181,,156.426453,,,0.001,
1996,250.81,121,537.54,0.977247,,,,,,0.001,
1997,534.49,200,537.67,0.977247,,,,,,0.001,
1998,295.75,126,537.74,0.977247,,,,,,0.001,
1999,371.17,146,537.82,0.977247,,,,,,0.001,
2000,271.26,117,538.14,0.977272,-1.998578,,130.247971,,,0.001,
