episode,return,length,wall_time,sigma_mean,actor_loss,critic_loss,baseline,mean_value,mean_td_error,actor_lr,critic_lr
1,36.96,35,0.01,0.974077,,,,,,0.01,
2,11.08,12,0.01,0.974077,,,,,,0.01,
3,41.79,35,0.01,0.974077,,,,,,0.01,
4,62.17,39,0.02,0.974077,,,,,,0.01,
5,14.38,19,0.05,0.972014,81.246338,,,,,0.01,
6,88.28,59,0.06,0.972014,,,,,,0.01,
7,74.01,52,0.07,0.972014,,,,,,0.01,
8,66.18,38,0.07,0.972014,,,,,,0.01,
9,63.55,36,0.08,0.972014,,,,,,0.01,
10,81.61,55,0.1,0.969839,136.56369,,,,,0.01,
11,75.33,47,0.11,0.969839,,,,,,0.01,
12,176.59,97,0.12,0.969839,,,,,,0.01,
13,45.89,33,0.13,0.969839,,,,,,0.01,
14,166.39,93,0.14,0.969839,,,,,,0.01,
15,33.26,28,0.17,0.971982,238.396759,,,,,0.01,
16,15.06,17,0.17,0.971982,,,,,,0.01,
17,45.61,37,0.18,0.971982,,,,,,0.01,
18,39.89,33,0.18,0.971982,,,,,,0.01,
19,25.33,24,0.18,0.971982,,,,,,0.01,
20,34.38,30,0.2,0.970205,69.516357,,,,,0.01,
21,28.58,35,0.2,0.970205,,,,,,0.01,
22,23.16,36,0.21,0.970205,,,,,,0.01,
23,28.62,36,0.21,0.970205,,,,,,0.01,
24,56.83,52,0.22,0.970205,,,,,,0.01,
25,59.5,59,0.25,0.969396,79.759056,,,,,0.01,
26,46.99,50,0.25,0.969396,,,,,,0.01,
27,16.23,40,0.26,0.969396,,,,,,0.01,
28,21.53,40,0.26,0.969396,,,,,,0.01,
29,48.01,60,0.27,0.969396,,,,,,0.01,
30,37.39,48,0.3,0.968546,59.513985,,,,,0.01,
31,28.32,48,0.3,0.968546,,,,,,0.01,
32,33.14,46,0.31,0.968546,,,,,,0.01,
33,32.82,51,0.32,0.968546,,,,,,0.01,
34,41.74,52,0.32,0.968546,,,,,,0.01,
35,22.38,41,0.35,0.97,55.926468,,,,,0.01,
36,21.75,43,0.35,0.97,,,,,,0.01,
37,29.69,44,0.36,0.97,,,,,,0.01,
38,16.68,42,0.36,0.97,,,,,,0.01,
39,24.59,41,0.37,0.97,,,,,,0.01,
40,21.95,48,0.39,0.970275,32.318668,,,,,0.01,
41,33.6,55,0.4,0.970275,,,,,,0.01,
42,33.83,51,0.41,0.970275,,,,,,0.01,
43,19.03,37,0.41,0.970275,,,,,,0.01,
44,23.33,39,0.42,0.970275,,,,,,0.01,
45,25.8,47,0.44,0.970744,44.923759,,,,,0.01,
46,13.9,36,0.45,0.970744,,,,,,0.01,
47,28.19,49,0.45,0.970744,,,,,,0.01,
48,19.54,42,0.46,0.970744,,,,,,0.01,
49,27.22,47,0.46,0.970744,,,,,,0.01,
50,18.62,37,0.49,0.971414,31.939569,,,,,0.01,
51,24.13,43,0.54,0.971414,,,,,,0.01,
52,30.94,51,0.55,0.971414,,,,,,0.01,
53,15.16,40,0.55,0.971414,,,,,,0.01,
54,18.95,42,0.56,0.971414,,,,,,0.01,
55,19.22,43,0.58,0.972099,31.715151,,,,,0.01,
56,13.3,32,0.59,0.972099,,,,,,0.01,
57,27.31,46,0.59,0.972099,,,,,,0.01,
58,22.22,48,0.6,0.972099,,,,,,0.01,
59,32.55,60,0.61,0.972099,,,,,,0.01,
60,26.26,42,0.63,0.97263,38.928127,,,,,0.01,
61,54.22,80,0.64,0.97263,,,,,,0.01,
62,54.55,73,0.65,0.97263,,,,,,0.01,
63,41.46,60,0.66,0.97263,,,,,,0.01,
64,28.03,44,0.67,0.97263,,,,,,0.01,
65,37.52,62,0.7,0.972724,70.094383,,,,,0.01,
66,35.23,61,0.71,0.972724,,,,,,0.01,
67,54.81,82,0.72,0.972724,,,,,,0.01,
68,55.3,68,0.73,0.972724,,,,,,0.01,
69,61.5,80,0.74,0.972724,,,,,,0.01,
70,56.69,81,0.78,0.973053,88.182251,,,,,0.01,
71,85.32,104,0.79,0.973053,,,,,,0.01,
72,95.13,110,0.81,0.973053,,,,,,0.01,
73,20.19,51,0.81,0.973053,,,,,,0.01,
74,28.23,58,0.82,0.973053,,,,,,0.01,
75,89.66,106,0.87,0.973372,111.268608,,,,,0.01,
76,20.33,48,0.88,0.973372,,,,,,0.01,
77,79.41,100,0.89,0.973372,,,,,,0.01,
78,51.26,80,0.9,0.973372,,,,,,0.01,
79,87.97,103,0.92,0.973372,,,,,,0.01,
80,98.82,120,0.97,0.973715,113.992264,,,,,0.01,
81,12.63,43,0.97,0.973715,,,,,,0.01,
82,15.53,41,0.98,0.973715,,,,,,0.01,
83,20.85,52,0.99,0.973715,,,,,,0.01,
84,11.14,34,0.99,0.973715,,,,,,0.01,
85,76.76,104,1.03,0.973282,43.965923,,,,,0.01,
86,34.7,65,1.03,0.973282,,,,,,0.01,
87,118.35,137,1.05,0.973282,,,,,,0.01,
88,9.84,40,1.06,0.973282,,,,,,0.01,
89,31.91,64,1.07,0.973282,,,,,,0.01,
90,61.64,82,1.11,0.972589,90.572388,,,,,0.01,
91,31.36,64,1.12,0.972589,,,,,,0.01,
92,39.98,72,1.13,0.972589,,,,,,0.01,
93,209.64,204,1.15,0.972589,,,,,,0.01,
94,198.46,199,1.18,0.972589,,,,,,0.01,
95,214.85,217,1.27,0.972154,218.411331,,,,,0.01,
96,14.3,45,1.28,0.972154,,,,,,0.01,
97,29.85,49,1.28,0.972154,,,,,,0.01,
98,340.82,314,1.33,0.972154,,,,,,0.01,
99,24.51,55,1.33,0.972154,,,,,,0.01,
100,25.6,51,1.38,0.972061,213.62326,,,,,0.01,
101,19.89,50,1.63,0.972061,,,,,,0.01,
102,240.81,237,1.66,0.972061,,,,,,0.01,
103,312.33,303,1.7,0.972061,,,,,,0.01,
104,28.31,60,1.71,0.972061,,,,,,0.01,
105,313.21,317,1.9,0.971848,257.537628,,,,,0.01,
106,7.83,39,1.94,0.971848,,,,,,0.01,
107,24.47,51,1.96,0.971848,,,,,,0.01,
108,53.67,72,1.98,0.971848,,,,,,0.01,
109,478.5,466,2.05,0.971848,,,,,,0.01,
110,352.75,336,2.17,0.971749,284.308685,,,,,0.01,
111,36.7,69,2.18,0.971749,,,,,,0.01,
112,45.7,76,2.19,0.971749,,,,,,0.01,
113,19.2,50,2.2,0.971749,,,,,,0.01,
114,33.95,67,2.21,0.971749,,,,,,0.01,
115,155.13,194,2.27,0.971664,103.045479,,,,,0.01,
116,18.26,48,2.28,0.971664,,,,,,0.01,
117,16.88,45,2.28,0.971664,,,,,,0.01,
118,14.35,47,2.29,0.971664,,,,,,0.01,
119,646.65,641,2.38,0.971664,,,,,,0.01,
120,29.81,63,2.45,0.971408,273.12384,,,,,0.01,
121,48.87,83,2.47,0.971408,,,,,,0.01,
122,516.97,438,2.53,0.971408,,,,,,0.01,
123,27.5,59,2.53,0.971408,,,,,,0.01,
124,39.52,73,2.54,0.971408,,,,,,0.01,
125,28.56,54,2.61,0.971421,264.071106,,,,,0.01,
126,25.71,59,2.62,0.971421,,,,,,0.01,
127,39.84,72,2.63,0.971421,,,,,,0.01,
128,1005.09,1000,2.76,0.971421,,,,,,0.01,
129,33.39,64,2.77,0.971421,,,,,,0.01,
130,549.63,481,2.97,0.971795,345.322113,,,,,0.01,
131,43.07,72,2.98,0.971795,,,,,,0.01,
132,37.5,71,2.99,0.971795,,,,,,0.01,
133,28.66,62,3.0,0.971795,,,,,,0.01,
134,86.69,122,3.02,0.971795,,,,,,0.01,
135,425.12,371,3.13,0.971965,227.933807,,,,,0.01,
136,458.25,400,3.19,0.971965,,,,,,0.01,
137,365.75,314,3.23,0.971965,,,,,,0.01,
138,430.61,384,3.28,0.971965,,,,,,0.01,
139,32.86,62,3.29,0.971965,,,,,,0.01,
140,43.25,77,3.4,0.972063,326.411865,,,,,0.01,
141,252.82,208,3.43,0.972063,,,,,,0.01,
142,17.46,48,3.44,0.972063,,,,,,0.01,
143,396.69,345,3.49,0.972063,,,,,,0.01,
144,605.19,556,3.56,0.972063,,,,,,0.01,
145,56.51,89,3.68,0.972493,331.666382,,,,,0.01,
146,332.89,293,3.72,0.972493,,,,,,0.01,
147,449.88,413,3.78,0.972493,,,,,,0.01,
148,137.44,175,3.8,0.972493,,,,,,0.01,
149,345.31,312,3.85,0.972493,,,,,,0.01,
150,253.92,211,3.99,0.972839,317.39267,,,,,0.01,
151,50.09,82,4.19,0.972839,,,,,,0.01,
152,195.17,168,4.21,0.972839,,,,,,0.01,
153,58.92,92,4.23,0.972839,,,,,,0.01,
154,293.27,254,4.26,0.972839,,,,,,0.01,
155,259.68,237,4.36,0.972882,248.715317,,,,,0.01,
156,236.27,210,4.39,0.972882,,,,,,0.01,
157,170.06,146,4.41,0.972882,,,,,,0.01,
158,106.89,142,4.43,0.972882,,,,,,0.01,
159,201.8,174,4.45,0.972882,,,,,,0.01,
160,21.85,54,4.52,0.972622,221.127029,,,,,0.01,
161,108.63,146,4.54,0.972622,,,,,,0.01,
162,144.99,115,4.56,0.972622,,,,,,0.01,
163,18.29,51,4.57,0.972622,,,,,,0.01,
164,67.26,101,4.58,0.972622,,,,,,0.01,
165,87.55,122,4.64,0.972194,132.828995,,,,,0.01,
166,53.5,86,4.65,0.972194,,,,,,0.01,
167,45.16,78,4.66,0.972194,,,,,,0.01,
168,203.16,243,4.7,0.972194,,,,,,0.01,
169,86.5,122,4.72,0.972194,,,,,,0.01,
170,151.58,126,4.79,0.971359,163.808823,,,,,0.01,
171,105.12,78,4.8,0.971359,,,,,,0.01,
172,194.4,174,4.83,0.971359,,,,,,0.01,
173,296.85,277,4.87,0.971359,,,,,,0.01,
174,417.94,404,4.93,0.971359,,,,,,0.01,
175,377.73,427,5.1,0.970503,295.61853,,,,,0.01,
176,122.15,95,5.11,0.970503,,,,,,0.01,
177,145.52,120,5.13,0.970503,,,,,,0.01,
178,170.63,150,5.15,0.970503,,,,,,0.01,
179,134.3,107,5.16,0.970503,,,,,,0.01,
180,160.02,134,5.23,0.969617,228.413315,,,,,0.01,
181,148.77,122,5.25,0.969617,,,,,,0.01,
182,108.24,83,5.26,0.969617,,,,,,0.01,
183,112.56,85,5.27,0.969617,,,,,,0.01,
184,123.89,99,5.29,0.969617,,,,,,0.01,
185,127.96,105,5.34,0.969252,212.942535,,,,,0.01,
186,117.9,96,5.35,0.969252,,,,,,0.01,
187,129.28,97,5.39,0.969252,,,,,,0.01,
188,100.72,76,5.4,0.969252,,,,,,0.01,
189,100.56,75,5.41,0.969252,,,,,,0.01,
190,108.64,84,5.46,0.968765,191.813812,,,,,0.01,
191,105.1,77,5.47,0.968765,,,,,,0.01,
192,113.18,85,5.48,0.968765,,,,,,0.01,
193,121.74,94,5.49,0.968765,,,,,,0.01,
194,108.95,80,5.5,0.968765,,,,,,0.01,
195,99.08,73,5.54,0.968092,188.78006,,,,,0.01,
196,101.39,74,5.55,0.968092,,,,,,0.01,
197,100.64,76,5.56,0.968092,,,,,,0.01,
198,82.73,57,5.57,0.968092,,,,,,0.01,
199,103.81,76,5.58,0.968092,,,,,,0.01,
200,99.18,73,5.62,0.967588,179.987396,,,,,0.01,
201,99.13,71,5.7,0.967588,,,,,,0.01,
202,95.72,65,5.71,0.967588,,,,,,0.01,
203,89.79,64,5.72,0.967588,,,,,,0.01,
204,97.87,69,5.72,0.967588,,,,,,0.01,
205,89.08,65,5.76,0.96698,171.454559,,,,,0.01,
206,101.19,74,5.77,0.96698,,,,,,0.01,
207,97.55,71,5.78,0.96698,,,,,,0.01,
208,95.5,68,5.79,0.96698,,,,,,0.01,
209,93.33,65,5.8,0.96698,,,,,,0.01,
210,100.44,73,5.84,0.966439,177.193619,,,,,0.01,
211,94.35,70,5.85,0.966439,,,,,,0.01,
212,98.28,68,5.86,0.966439,,,,,,0.01,
213,88.12,59,5.86,0.966439,,,,,,0.01,
214,87.05,59,5.87,0.966439,,,,,,0.01,
215,105.01,74,5.91,0.965755,173.938995,,,,,0.01,
216,88.96,59,5.92,0.965755,,,,,,0.01,
217,88.62,60,5.92,0.965755,,,,,,0.01,
218,98.45,65,5.93,0.965755,,,,,,0.01,
219,90.7,62,5.94,0.965755,,,,,,0.01,
220,95.42,66,5.97,0.964921,171.675735,,,,,0.01,
221,79.42,50,5.98,0.964921,,,,,,0.01,
222,85.56,56,5.99,0.964921,,,,,,0.01,
223,84.08,53,5.99,0.964921,,,,,,0.01,
224,86.36,58,6.0,0.964921,,,,,,0.01,
225,97.79,67,6.03,0.964231,171.048904,,,,,0.01,
226,91.36,59,6.04,0.964231,,,,,,0.01,
227,91.64,57,6.05,0.964231,,,,,,0.01,
228,89.04,59,6.06,0.964231,,,,,,0.01,
229,90.78,58,6.06,0.964231,,,,,,0.01,
230,86.29,57,6.09,0.963835,176.499252,,,,,0.01,
231,83.79,52,6.1,0.963835,,,,,,0.01,
232,92.54,57,6.11,0.963835,,,,,,0.01,
233,92.44,57,6.12,0.963835,,,,,,0.01,
234,101.62,64,6.12,0.963835,,,,,,0.01,
235,81.91,53,6.15,0.963704,182.468613,,,,,0.01,
236,95.91,62,6.16,0.963704,,,,,,0.01,
237,93.65,60,6.17,0.963704,,,,,,0.01,
238,83.21,52,6.18,0.963704,,,,,,0.01,
239,83.84,52,6.18,0.963704,,,,,,0.01,
240,94.63,57,6.21,0.963821,183.518845,,,,,0.01,
241,79.14,49,6.22,0.963821,,,,,,0.01,
242,87.82,54,6.23,0.963821,,,,,,0.01,
243,85.06,53,6.23,0.963821,,,,,,0.01,
244,102.78,62,6.24,0.963821,,,,,,0.01,
245,90.45,55,6.27,0.963568,177.755997,,,,,0.01,
246,92.45,56,6.28,0.963568,,,,,,0.01,
247,80.22,50,6.28,0.963568,,,,,,0.01,
248,86.59,53,6.29,0.963568,,,,,,0.01,
249,89.21,54,6.3,0.963568,,,,,,0.01,
250,80.37,50,6.32,0.963145,173.187943,,,,,0.01,
251,101.1,60,6.39,0.963145,,,,,,0.01,
252,84.85,52,6.39,0.963145,,,,,,0.01,
253,90.0,55,6.4,0.963145,,,,,,0.01,
254,82.33,51,6.41,0.963145,,,,,,0.01,
255,82.3,51,6.44,0.962365,174.594315,,,,,0.01,
256,84.42,52,6.44,0.962365,,,,,,0.01,
257,87.86,54,6.45,0.962365,,,,,,0.01,
258,94.2,60,6.46,0.962365,,,,,,0.01,
259,104.45,69,6.47,0.962365,,,,,,0.01,
260,90.13,55,6.5,0.9617,182.683105,,,,,0.01,
261,96.15,61,6.51,0.9617,,,,,,0.01,
262,73.77,47,6.51,0.9617,,,,,,0.01,
263,92.16,58,6.52,0.9617,,,,,,0.01,
264,100.0,64,6.53,0.9617,,,,,,0.01,
265,86.56,54,6.56,0.961571,185.65831,,,,,0.01,
266,111.7,74,6.57,0.961571,,,,,,0.01,
267,91.98,59,6.58,0.961571,,,,,,0.01,
268,94.08,59,6.58,0.961571,,,,,,0.01,
269,114.11,75,6.59,0.961571,,,,,,0.01,
270,87.53,55,6.63,0.961618,193.433914,,,,,0.01,
271,110.86,74,6.64,0.961618,,,,,,0.01,
272,95.31,64,6.65,0.961618,,,,,,0.01,
273,88.19,55,6.65,0.961618,,,,,,0.01,
274,88.81,55,6.66,0.961618,,,,,,0.01,
275,113.04,76,6.7,0.961713,188.584671,,,,,0.01,
276,127.44,90,6.71,0.961713,,,,,,0.01,
277,113.01,77,6.72,0.961713,,,,,,0.01,
278,120.67,83,6.73,0.961713,,,,,,0.01,
279,117.68,82,6.75,0.961713,,,,,,0.01,
280,119.11,82,6.79,0.961945,207.98996,,,,,0.01,
281,109.36,75,6.8,0.961945,,,,,,0.01,
282,104.8,72,6.81,0.961945,,,,,,0.01,
283,140.07,100,6.82,0.961945,,,,,,0.01,
284,127.76,90,6.84,0.961945,,,,,,0.01,
285,112.84,80,6.88,0.962019,201.686447,,,,,0.01,
286,135.74,98,6.89,0.962019,,,,,,0.01,
287,121.76,87,6.91,0.962019,,,,,,0.01,
288,137.35,98,6.92,0.962019,,,,,,0.01,
289,135.67,98,6.93,0.962019,,,,,,0.01,
290,124.7,91,6.99,0.962252,216.321091,,,,,0.01,
291,148.99,109,7.0,0.962252,,,,,,0.01,
292,110.36,80,7.01,0.962252,,,,,,0.01,
293,114.56,84,7.02,0.962252,,,,,,0.01,
294,109.56,77,7.03,0.962252,,,,,,0.01,
295,118.93,88,7.08,0.962306,203.239838,,,,,0.01,
296,107.0,78,7.09,0.962306,,,,,,0.01,
297,110.63,81,7.1,0.962306,,,,,,0.01,
298,161.65,124,7.12,0.962306,,,,,,0.01,
299,131.77,98,7.13,0.962306,,,,,,0.01,
300,127.01,92,7.18,0.962201,206.765625,,,,,0.01,
301,140.52,107,7.29,0.962201,,,,,,0.01,
302,120.26,88,7.3,0.962201,,,,,,0.01,
303,122.39,94,7.32,0.962201,,,,,,0.01,
304,139.2,106,7.33,0.962201,,,,,,0.01,
305,144.18,109,7.38,0.962052,213.000549,,,,,0.01,
306,117.83,89,7.4,0.962052,,,,,,0.01,
307,116.17,89,7.41,0.962052,,,,,,0.01,
308,125.1,96,7.42,0.962052,,,,,,0.01,
309,129.41,102,7.44,0.962052,,,,,,0.01,
310,110.9,83,7.48,0.961809,197.117371,,,,,0.01,
311,112.98,86,7.5,0.961809,,,,,,0.01,
312,117.68,89,7.51,0.961809,,,,,,0.01,
313,119.36,93,7.52,0.961809,,,,,,0.01,
314,118.15,92,7.53,0.961809,,,,,,0.01,
315,135.27,105,7.58,0.962116,201.802002,,,,,0.01,
316,129.11,100,7.6,0.962116,,,,,,0.01,
317,107.7,79,7.61,0.962116,,,,,,0.01,
318,171.99,139,7.63,0.962116,,,,,,0.01,
319,118.79,91,7.64,0.962116,,,,,,0.01,
320,149.94,118,7.7,0.962669,217.674362,,,,,0.01,
321,137.92,108,7.71,0.962669,,,,,,0.01,
322,183.99,147,7.73,0.962669,,,,,,0.01,
323,157.44,123,7.75,0.962669,,,,,,0.01,
324,106.52,81,7.76,0.962669,,,,,,0.01,
325,168.21,133,7.83,0.963149,229.084702,,,,,0.01,
326,155.11,122,7.84,0.963149,,,,,,0.01,
327,136.7,109,7.86,0.963149,,,,,,0.01,
328,125.87,99,7.87,0.963149,,,,,,0.01,
329,175.13,146,7.89,0.963149,,,,,,0.01,
330,161.09,129,7.96,0.963871,232.279083,,,,,0.01,
331,161.32,132,7.98,0.963871,,,,,,0.01,
332,169.11,141,8.0,0.963871,,,,,,0.01,
333,110.23,88,8.01,0.963871,,,,,,0.01,
334,171.26,141,8.03,0.963871,,,,,,0.01,
335,120.21,93,8.09,0.964729,228.284821,,,,,0.01,
336,213.71,184,8.12,0.964729,,,,,,0.01,
337,113.47,89,8.13,0.964729,,,,,,0.01,
338,236.43,200,8.16,0.964729,,,,,,0.01,
339,132.17,107,8.17,0.964729,,,,,,0.01,
340,175.9,152,8.25,0.965348,247.105484,,,,,0.01,
341,157.96,133,8.27,0.965348,,,,,,0.01,
342,227.36,193,8.3,0.965348,,,,,,0.01,
343,109.29,88,8.31,0.965348,,,,,,0.01,
344,157.94,134,8.33,0.965348,,,,,,0.01,
345,232.41,205,8.42,0.966304,253.309433,,,,,0.01,
346,227.22,199,8.45,0.966304,,,,,,0.01,
347,143.07,118,8.47,0.966304,,,,,,0.01,
348,197.85,167,8.49,0.966304,,,,,,0.01,
349,109.2,85,8.5,0.966304,,,,,,0.01,
350,299.38,263,8.6,0.967227,266.646332,,,,,0.01,
351,314.32,274,8.77,0.967227,,,,,,0.01,
352,170.56,141,8.79,0.967227,,,,,,0.01,
353,216.48,183,8.82,0.967227,,,,,,0.01,
354,212.11,183,8.84,0.967227,,,,,,0.01,
355,180.53,154,8.94,0.96794,276.204651,,,,,0.01,
356,215.57,184,8.96,0.96794,,,,,,0.01,
357,334.63,297,9.0,0.96794,,,,,,0.01,
358,132.67,108,9.02,0.96794,,,,,,0.01,
359,177.97,150,9.04,0.96794,,,,,,0.01,
360,219.81,187,9.14,0.968813,278.441711,,,,,0.01,
361,297.12,259,9.17,0.968813,,,,,,0.01,
362,243.81,207,9.2,0.968813,,,,,,0.01,
363,171.18,142,9.22,0.968813,,,,,,0.01,
364,247.75,213,9.25,0.968813,,,,,,0.01,
365,351.91,313,9.38,0.969559,299.384705,,,,,0.01,
366,341.69,295,9.42,0.969559,,,,,,0.01,
367,289.08,247,9.46,0.969559,,,,,,0.01,
368,641.9,646,9.55,0.969559,,,,,,0.01,
369,333.4,279,9.58,0.969559,,,,,,0.01,
370,316.17,268,9.77,0.970141,332.714325,,,,,0.01,
371,417.99,371,9.82,0.970141,,,,,,0.01,
372,581.47,625,9.91,0.970141,,,,,,0.01,
373,134.01,130,9.92,0.970141,,,,,,0.01,
374,455.62,441,9.98,0.970141,,,,,,0.01,
375,317.53,327,10.19,0.97052,309.542389,,,,,0.01,
376,352.45,302,10.23,0.97052,,,,,,0.01,
377,385.33,326,10.27,0.97052,,,,,,0.01,
378,331.42,330,10.32,0.97052,,,,,,0.01,
379,564.84,551,10.4,0.97052,,,,,,0.01,
380,286.97,290,10.59,0.970928,322.540436,,,,,0.01,
381,404.88,425,10.65,0.970928,,,,,,0.01,
382,380.1,322,10.69,0.970928,,,,,,0.01,
383,205.51,205,10.72,0.970928,,,,,,0.01,
384,156.67,148,10.74,0.970928,,,,,,0.01,
385,262.6,267,10.89,0.97181,288.628235,,,,,0.01,
386,202.94,198,10.91,0.97181,,,,,,0.01,
387,152.46,143,10.93,0.97181,,,,,,0.01,
388,218.69,214,10.96,0.97181,,,,,,0.01,
389,178.39,168,10.99,0.97181,,,,,,0.01,
390,111.98,105,11.07,0.972157,221.074356,,,,,0.01,
391,140.69,132,11.09,0.972157,,,,,,0.01,
392,163.02,152,11.11,0.972157,,,,,,0.01,
393,184.3,177,11.13,0.972157,,,,,,0.01,
394,122.08,112,11.15,0.972157,,,,,,0.01,
395,172.6,164,11.23,0.972347,212.08699,,,,,0.01,
396,164.25,156,11.25,0.972347,,,,,,0.01,
397,208.94,204,11.28,0.972347,,,,,,0.01,
398,146.78,136,11.3,0.972347,,,,,,0.01,
399,85.71,89,11.31,0.972347,,,,,,0.01,
400,123.99,114,11.38,0.972851,208.648911,,,,,0.01,
401,113.35,107,11.5,0.972851,,,,,,0.01,
402,240.73,236,11.53,0.972851,,,,,,0.01,
403,169.43,164,11.55,0.972851,,,,,,0.01,
404,305.71,315,11.6,0.972851,,,,,,0.01,
405,251.31,245,11.73,0.972793,242.355621,,,,,0.01,
406,388.09,350,11.78,0.972793,,,,,,0.01,
407,351.81,309,11.82,0.972793,,,,,,0.01,
408,239.29,235,11.85,0.972793,,,,,,0.01,
409,170.62,164,11.87,0.972793,,,,,,0.01,
410,326.24,264,12.02,0.97256,306.839172,,,,,0.01,
411,373.82,334,12.06,0.97256,,,,,,0.01,
412,132.05,128,12.08,0.97256,,,,,,0.01,
413,311.37,256,12.12,0.97256,,,,,,0.01,
414,169.68,168,12.14,0.97256,,,,,,0.01,
415,199.2,203,12.25,0.97249,279.671631,,,,,0.01,
416,313.78,259,12.29,0.97249,,,,,,0.01,
417,276.68,226,12.32,0.97249,,,,,,0.01,
418,211.0,218,12.35,0.97249,,,,,,0.01,
419,274.92,218,12.38,0.97249,,,,,,0.01,
420,360.0,318,12.53,0.972188,309.900085,,,,,0.01,
421,186.9,155,12.55,0.972188,,,,,,0.01,
422,243.95,196,12.57,0.972188,,,,,,0.01,
423,274.9,221,12.6,0.972188,,,,,,0.01,
424,126.39,103,12.62,0.972188,,,,,,0.01,
425,252.6,204,12.72,0.971723,286.434387,,,,,0.01,
426,256.96,210,12.75,0.971723,,,,,,0.01,
427,157.46,126,12.76,0.971723,,,,,,0.01,
428,231.27,187,12.79,0.971723,,,,,,0.01,
429,247.1,202,12.82,0.971723,,,,,,0.01,
430,262.26,216,12.92,0.971992,299.717926,,,,,0.01,
431,208.0,167,12.95,0.971992,,,,,,0.01,
432,188.34,151,12.97,0.971992,,,,,,0.01,
433,176.92,143,12.99,0.971992,,,,,,0.01,
434,251.66,207,13.02,0.971992,,,,,,0.01,
435,232.86,193,13.11,0.971771,278.00531,,,,,0.01,
436,253.09,192,13.14,0.971771,,,,,,0.01,
437,145.1,121,13.16,0.971771,,,,,,0.01,
438,209.4,162,13.18,0.971771,,,,,,0.01,
439,162.16,128,13.19,0.971771,,,,,,0.01,
440,211.76,166,13.28,0.971142,274.629974,,,,,0.01,
441,130.52,105,13.29,0.971142,,,,,,0.01,
442,108.66,88,13.3,0.971142,,,,,,0.01,
443,166.44,136,13.32,0.971142,,,,,,0.01,
444,163.58,136,13.34,0.971142,,,,,,0.01,
445,186.47,145,13.41,0.970635,236.040237,,,,,0.01,
446,137.88,109,13.43,0.970635,,,,,,0.01,
447,181.1,138,13.45,0.970635,,,,,,0.01,
448,244.38,195,13.47,0.970635,,,,,,0.01,
449,221.7,182,13.5,0.970635,,,,,,0.01,
450,129.01,108,13.57,0.970158,265.619324,,,,,0.01,
451,175.05,132,13.73,0.970158,,,,,,0.01,
452,141.58,117,13.74,0.970158,,,,,,0.01,
453,181.06,143,13.76,0.970158,,,,,,0.01,
454,136.61,108,13.78,0.970158,,,,,,0.01,
455,117.8,94,13.84,0.969948,238.724457,,,,,0.01,
456,152.99,132,13.86,0.969948,,,,,,0.01,
457,149.37,122,13.87,0.969948,,,,,,0.01,
458,182.01,143,13.89,0.969948,,,,,,0.01,
459,160.91,138,13.91,0.969948,,,,,,0.01,
460,153.46,122,13.98,0.969922,241.473145,,,,,0.01,
461,208.8,168,14.0,0.969922,,,,,,0.01,
462,101.04,82,14.02,0.969922,,,,,,0.01,
463,147.29,117,14.03,0.969922,,,,,,0.01,
464,168.37,131,14.05,0.969922,,,,,,0.01,
465,163.98,126,14.12,0.970152,248.34082,,,,,0.01,
466,133.86,110,14.13,0.970152,,,,,,0.01,
467,148.82,117,14.15,0.970152,,,,,,0.01,
468,149.08,118,14.16,0.970152,,,,,,0.01,
469,153.94,122,14.18,0.970152,,,,,,0.01,
470,111.33,97,14.24,0.970342,220.809357,,,,,0.01,
471,161.83,135,14.26,0.970342,,,,,,0.01,
472,146.59,103,14.27,0.970342,,,,,,0.01,
473,127.5,98,14.28,0.970342,,,,,,0.01,
474,184.01,152,14.3,0.970342,,,,,,0.01,
475,149.18,118,14.37,0.971297,246.690033,,,,,0.01,
476,139.33,107,14.38,0.971297,,,,,,0.01,
477,112.78,92,14.39,0.971297,,,,,,0.01,
478,108.27,86,14.41,0.971297,,,,,,0.01,
479,142.95,109,14.42,0.971297,,,,,,0.01,
480,165.26,129,14.48,0.971931,218.611603,,,,,0.01,
481,99.29,80,14.49,0.971931,,,,,,0.01,
482,103.23,88,14.5,0.971931,,,,,,0.01,
483,209.85,161,14.52,0.971931,,,,,,0.01,
484,115.88,93,14.54,0.971931,,,,,,0.01,
485,174.74,137,14.6,0.972511,235.829376,,,,,0.01,
486,131.2,100,14.61,0.972511,,,,,,0.01,
487,124.42,110,14.63,0.972511,,,,,,0.01,
488,149.93,120,14.64,0.972511,,,,,,0.01,
489,114.1,91,14.66,0.972511,,,,,,0.01,
490,106.23,94,14.71,0.972134,201.731705,,,,,0.01,
491,106.36,86,14.72,0.972134,,,,,,0.01,
492,113.8,86,14.73,0.972134,,,,,,0.01,
493,84.97,69,14.74,0.972134,,,,,,0.01,
494,99.86,80,14.75,0.972134,,,,,,0.01,
495,92.33,72,14.79,0.971481,175.140274,,,,,0.01,
496,135.99,104,14.81,0.971481,,,,,,0.01,
497,108.43,99,14.82,0.971481,,,,,,0.01,
498,137.72,104,14.83,0.971481,,,,,,0.01,
499,137.32,106,14.85,0.971481,,,,,,0.01,
500,95.83,78,14.9,0.971101,209.975784,,,,,0.01,
501,93.09,71,15.0,0.971101,,,,,,0.01,
502,101.55,82,15.01,0.971101,,,,,,0.01,
503,116.88,91,15.02,0.971101,,,,,,0.01,
504,180.83,147,15.04,0.971101,,,,,,0.01,
505,116.63,87,15.09,0.970891,217.711197,,,,,0.01,
506,95.46,73,15.1,0.970891,,,,,,0.01,
507,92.8,67,15.11,0.970891,,,,,,0.01,
508,101.43,75,15.12,0.970891,,,,,,0.01,
509,97.05,80,15.13,0.970891,,,,,,0.01,
510,115.4,88,15.17,0.970971,185.96994,,,,,0.01,
511,80.18,65,15.18,0.970971,,,,,,0.01,
512,81.99,63,15.19,0.970971,,,,,,0.01,
513,126.33,116,15.21,0.970971,,,,,,0.01,
514,125.57,100,15.22,0.970971,,,,,,0.01,
515,113.43,88,15.27,0.970863,186.25058,,,,,0.01,
516,107.84,81,15.28,0.970863,,,,,,0.01,
517,93.83,73,15.29,0.970863,,,,,,0.01,
518,93.41,75,15.3,0.970863,,,,,,0.01,
519,129.05,101,15.31,0.970863,,,,,,0.01,
520,94.26,77,15.35,0.970896,188.643646,,,,,0.01,
521,91.81,68,15.36,0.970896,,,,,,0.01,
522,117.48,78,15.37,0.970896,,,,,,0.01,
523,95.83,77,15.38,0.970896,,,,,,0.01,
524,116.45,87,15.4,0.970896,,,,,,0.01,
525,82.26,68,15.43,0.970985,186.787308,,,,,0.01,
526,122.27,88,15.45,0.970985,,,,,,0.01,
527,89.82,65,15.45,0.970985,,,,,,0.01,
528,99.62,66,15.46,0.970985,,,,,,0.01,
529,85.85,64,15.47,0.970985,,,,,,0.01,
530,77.46,57,15.51,0.97156,190.099167,,,,,0.01,
531,82.76,60,15.52,0.97156,,,,,,0.01,
532,92.61,62,15.52,0.97156,,,,,,0.01,
533,100.26,69,15.53,0.97156,,,,,,0.01,
534,69.45,52,15.54,0.97156,,,,,,0.01,
535,82.5,59,15.57,0.972125,169.808121,,,,,0.01,
536,94.28,64,15.58,0.972125,,,,,,0.01,
537,78.66,55,15.59,0.972125,,,,,,0.01,
538,84.57,65,15.6,0.972125,,,,,,0.01,
539,85.01,57,15.6,0.972125,,,,,,0.01,
540,75.17,55,15.63,0.97271,165.526215,,,,,0.01,
541,82.64,56,15.64,0.97271,,,,,,0.01,
542,97.52,64,15.65,0.97271,,,,,,0.01,
543,76.37,54,15.66,0.97271,,,,,,0.01,
544,104.31,76,15.67,0.97271,,,,,,0.01,
545,84.17,61,15.7,0.972893,172.730927,,,,,0.01,
546,91.22,64,15.71,0.972893,,,,,,0.01,
547,90.59,62,15.72,0.972893,,,,,,0.01,
548,92.43,65,15.73,0.972893,,,,,,0.01,
549,85.36,59,15.73,0.972893,,,,,,0.01,
550,91.0,61,15.77,0.973064,177.340515,,,,,0.01,
551,88.61,61,15.84,0.973064,,,,,,0.01,
552,91.71,59,15.84,0.973064,,,,,,0.01,
553,74.12,53,15.85,0.973064,,,,,,0.01,
554,86.52,57,15.86,0.973064,,,,,,0.01,
555,96.07,60,15.89,0.972798,174.38147,,,,,0.01,
556,100.63,63,15.9,0.972798,,,,,,0.01,
557,104.66,69,15.91,0.972798,,,,,,0.01,
558,83.09,61,15.92,0.972798,,,,,,0.01,
559,84.11,55,15.92,0.972798,,,,,,0.01,
560,99.03,62,15.95,0.972337,186.73027,,,,,0.01,
561,86.75,59,15.96,0.972337,,,,,,0.01,
562,77.29,54,15.97,0.972337,,,,,,0.01,
563,90.48,59,15.98,0.972337,,,,,,0.01,
564,102.2,63,15.99,0.972337,,,,,,0.01,
565,76.27,55,16.02,0.971743,173.94342,,,,,0.01,
566,81.34,57,16.03,0.971743,,,,,,0.01,
567,75.59,55,16.03,0.971743,,,,,,0.01,
568,79.0,64,16.04,0.971743,,,,,,0.01,
569,96.57,62,16.05,0.971743,,,,,,0.01,
570,78.74,55,16.08,0.971576,166.745667,,,,,0.01,
571,103.41,66,16.09,0.971576,,,,,,0.01,
572,94.64,64,16.1,0.971576,,,,,,0.01,
573,106.64,68,16.11,0.971576,,,,,,0.01,
574,103.92,63,16.12,0.971576,,,,,,0.01,
575,88.31,59,16.15,0.971198,194.857468,,,,,0.01,
576,99.18,63,16.16,0.971198,,,,,,0.01,
577,101.36,65,16.17,0.971198,,,,,,0.01,
578,116.36,74,16.18,0.971198,,,,,,0.01,
579,119.76,78,16.19,0.971198,,,,,,0.01,
580,89.79,61,16.22,0.970989,209.064178,,,,,0.01,
581,80.84,65,16.23,0.970989,,,,,,0.01,
582,109.52,71,16.24,0.970989,,,,,,0.01,
583,114.42,70,16.25,0.970989,,,,,,0.01,
584,86.93,60,16.25,0.970989,,,,,,0.01,
585,140.33,94,16.3,0.970683,205.646545,,,,,0.01,
586,94.92,68,16.3,0.970683,,,,,,0.01,
587,116.67,85,16.32,0.970683,,,,,,0.01,
588,106.83,71,16.33,0.970683,,,,,,0.01,
589,99.96,69,16.33,0.970683,,,,,,0.01,
590,104.72,71,16.37,0.970731,203.127472,,,,,0.01,
591,119.88,87,16.38,0.970731,,,,,,0.01,
592,110.85,69,16.39,0.970731,,,,,,0.01,
593,87.22,59,16.4,0.970731,,,,,,0.01,
594,103.69,65,16.41,0.970731,,,,,,0.01,
595,122.78,80,16.45,0.970957,214.37352,,,,,0.01,
596,80.15,66,16.46,0.970957,,,,,,0.01,
597,109.39,66,16.47,0.970957,,,,,,0.01,
598,131.32,91,16.48,0.970957,,,,,,0.01,
599,86.98,61,16.49,0.970957,,,,,,0.01,
600,81.06,57,16.52,0.970944,188.448776,,,,,0.01,
601,98.2,67,16.61,0.970944,,,,,,0.01,
602,100.22,71,16.62,0.970944,,,,,,0.01,
603,99.88,64,16.63,0.970944,,,,,,0.01,
604,106.13,67,16.64,0.970944,,,,,,0.01,
605,108.79,79,16.67,0.970816,196.764008,,,,,0.01,
606,111.33,86,16.68,0.970816,,,,,,0.01,
607,109.81,69,16.69,0.970816,,,,,,0.01,
608,111.19,68,16.7,0.970816,,,,,,0.01,
609,79.61,68,16.71,0.970816,,,,,,0.01,
610,98.71,66,16.75,0.970741,196.286697,,,,,0.01,
611,121.09,77,16.76,0.970741,,,,,,0.01,
612,115.24,77,16.77,0.970741,,,,,,0.01,
613,112.1,77,16.78,0.970741,,,,,,0.01,
614,119.84,75,16.79,0.970741,,,,,,0.01,
615,123.91,79,16.83,0.97064,225.657776,,,,,0.01,
616,94.26,67,16.84,0.97064,,,,,,0.01,
617,96.87,69,16.85,0.97064,,,,,,0.01,
618,123.72,96,16.86,0.97064,,,,,,0.01,
619,89.44,77,16.87,0.97064,,,,,,0.01,
620,94.99,66,16.91,0.970632,189.012894,,,,,0.01,
621,129.29,83,16.92,0.970632,,,,,,0.01,
622,85.85,73,16.93,0.970632,,,,,,0.01,
623,139.35,95,16.95,0.970632,,,,,,0.01,
624,118.47,75,16.96,0.970632,,,,,,0.01,
625,129.3,90,17.0,0.970585,223.314316,,,,,0.01,
626,135.33,98,17.01,0.970585,,,,,,0.01,
627,131.72,95,17.03,0.970585,,,,,,0.01,
628,144.74,98,17.04,0.970585,,,,,,0.01,
629,90.38,75,17.05,0.970585,,,,,,0.01,
630,123.29,95,17.1,0.970059,216.490845,,,,,0.01,
631,155.63,104,17.11,0.970059,,,,,,0.01,
632,152.88,112,17.13,0.970059,,,,,,0.01,
633,140.9,105,17.14,0.970059,,,,,,0.01,
634,179.78,146,17.16,0.970059,,,,,,0.01,
635,141.21,105,17.22,0.969912,263.246216,,,,,0.01,
636,140.99,99,17.24,0.969912,,,,,,0.01,
637,118.67,97,17.25,0.969912,,,,,,0.01,
638,113.24,80,17.26,0.969912,,,,,,0.01,
639,143.73,98,17.27,0.969912,,,,,,0.01,
640,138.66,110,17.33,0.96995,232.908386,,,,,0.01,
641,107.74,88,17.34,0.96995,,,,,,0.01,
642,144.2,113,17.35,0.96995,,,,,,0.01,
643,142.3,113,17.37,0.96995,,,,,,0.01,
644,124.4,101,17.38,0.96995,,,,,,0.01,
645,114.12,93,17.43,0.970342,221.75206,,,,,0.01,
646,96.08,84,17.45,0.970342,,,,,,0.01,
647,131.11,106,17.46,0.970342,,,,,,0.01,
648,146.13,116,17.48,0.970342,,,,,,0.01,
649,135.18,107,17.49,0.970342,,,,,,0.01,
650,141.24,111,17.55,0.970754,221.774033,,,,,0.01,
651,165.08,131,17.67,0.970754,,,,,,0.01,
652,139.77,113,17.69,0.970754,,,,,,0.01,
653,154.21,109,17.7,0.970754,,,,,,0.01,
654,142.45,114,17.72,0.970754,,,,,,0.01,
655,143.93,110,17.78,0.971399,248.112976,,,,,0.01,
656,178.26,144,17.8,0.971399,,,,,,0.01,
657,249.7,208,17.83,0.971399,,,,,,0.01,
658,140.62,118,17.84,0.971399,,,,,,0.01,
659,197.42,139,17.88,0.971399,,,,,,0.01,
660,154.5,121,17.95,0.971876,274.644165,,,,,0.01,
661,178.15,142,17.97,0.971876,,,,,,0.01,
662,204.58,155,17.99,0.971876,,,,,,0.01,
663,189.28,140,18.01,0.971876,,,,,,0.01,
664,223.49,166,18.04,0.971876,,,,,,0.01,
665,171.94,132,18.11,0.972204,287.093048,,,,,0.01,
666,233.48,181,18.14,0.972204,,,,,,0.01,
667,225.43,175,18.16,0.972204,,,,,,0.01,
668,215.37,159,18.18,0.972204,,,,,,0.01,
669,232.24,181,18.2,0.972204,,,,,,0.01,
670,176.36,143,18.29,0.972276,298.497101,,,,,0.01,
671,213.01,157,18.31,0.972276,,,,,,0.01,
672,208.73,162,18.33,0.972276,,,,,,0.01,
673,195.72,138,18.35,0.972276,,,,,,0.01,
674,80.81,81,18.36,0.972276,,,,,,0.01,
675,199.03,148,18.44,0.972448,280.832367,,,,,0.01,
676,236.2,185,18.46,0.972448,,,,,,0.01,
677,205.62,157,18.48,0.972448,,,,,,0.01,
678,198.87,141,18.5,0.972448,,,,,,0.01,
679,223.08,169,18.52,0.972448,,,,,,0.01,
680,217.54,166,18.61,0.972833,307.626465,,,,,0.01,
681,207.35,154,18.63,0.972833,,,,,,0.01,
682,216.35,160,18.65,0.972833,,,,,,0.01,
683,230.63,178,18.68,0.972833,,,,,,0.01,
684,219.87,167,18.7,0.972833,,,,,,0.01,
685,212.81,166,18.79,0.973195,301.446655,,,,,0.01,
686,226.71,180,18.81,0.973195,,,,,,0.01,
687,213.69,158,18.83,0.973195,,,,,,0.01,
688,50.47,46,18.84,0.973195,,,,,,0.01,
689,238.4,208,18.87,0.973195,,,,,,0.01,
690,205.67,146,18.94,0.973622,291.934174,,,,,0.01,
691,52.02,64,18.95,0.973622,,,,,,0.01,
692,199.31,134,18.97,0.973622,,,,,,0.01,
693,73.11,69,18.98,0.973622,,,,,,0.01,
694,46.59,60,18.99,0.973622,,,,,,0.01,
695,81.39,75,19.03,0.974242,184.944199,,,,,0.01,
696,194.21,145,19.05,0.974242,,,,,,0.01,
697,203.14,156,19.07,0.974242,,,,,,0.01,
698,69.55,66,19.08,0.974242,,,,,,0.01,
699,181.8,142,19.1,0.974242,,,,,,0.01,
700,43.11,59,19.15,0.974698,246.858444,,,,,0.01,
701,184.01,122,19.29,0.974698,,,,,,0.01,
702,190.11,133,19.31,0.974698,,,,,,0.01,
703,73.82,69,19.32,0.974698,,,,,,0.01,
704,207.04,152,19.34,0.974698,,,,,,0.01,
705,169.47,121,19.4,0.975009,272.036133,,,,,0.01,
706,200.38,146,19.42,0.975009,,,,,,0.01,
707,198.95,146,19.44,0.975009,,,,,,0.01,
708,71.61,58,19.45,0.975009,,,,,,0.01,
709,194.07,136,19.46,0.975009,,,,,,0.01,
710,74.24,61,19.52,0.975273,263.433289,,,,,0.01,
711,197.45,144,19.54,0.975273,,,,,,0.01,
712,193.4,135,19.55,0.975273,,,,,,0.01,
713,45.68,57,19.56,0.975273,,,,,,0.01,
714,177.86,122,19.58,0.975273,,,,,,0.01,
715,184.77,126,19.64,0.97552,272.501434,,,,,0.01,
716,186.1,130,19.66,0.97552,,,,,,0.01,
717,183.62,124,19.67,0.97552,,,,,,0.01,
718,173.27,111,19.69,0.97552,,,,,,0.01,
719,176.15,114,19.7,0.97552,,,,,,0.01,
720,171.15,111,19.76,0.975565,287.766907,,,,,0.01,
721,165.26,102,19.78,0.975565,,,,,,0.01,
722,174.37,115,19.79,0.975565,,,,,,0.01,
723,181.32,122,19.81,0.975565,,,,,,0.01,
724,170.06,110,19.82,0.975565,,,,,,0.01,
725,166.48,104,19.88,0.975441,287.057465,,,,,0.01,
726,175.49,120,19.9,0.975441,,,,,,0.01,
727,172.25,113,19.91,0.975441,,,,,,0.01,
728,165.67,107,19.93,0.975441,,,,,,0.01,
729,186.86,130,19.94,0.975441,,,,,,0.01,
730,169.28,111,20.0,0.975475,290.191071,,,,,0.01,
731,168.2,111,20.02,0.975475,,,,,,0.01,
732,171.39,109,20.03,0.975475,,,,,,0.01,
733,163.31,101,20.05,0.975475,,,,,,0.01,
734,158.78,99,20.06,0.975475,,,,,,0.01,
735,162.3,100,20.11,0.975652,292.513153,,,,,0.01,
736,162.3,105,20.13,0.975652,,,,,,0.01,
737,165.55,105,20.14,0.975652,,,,,,0.01,
738,160.8,104,20.16,0.975652,,,,,,0.01,
739,165.32,109,20.17,0.975652,,,,,,0.01,
740,166.06,107,20.22,0.975933,284.889435,,,,,0.01,
741,152.78,98,20.24,0.975933,,,,,,0.01,
742,159.09,99,20.25,0.975933,,,,,,0.01,
743,159.38,102,20.26,0.975933,,,,,,0.01,
744,163.89,103,20.28,0.975933,,,,,,0.01,
745,160.55,105,20.33,0.976018,273.452209,,,,,0.01,
746,161.71,104,20.35,0.976018,,,,,,0.01,
747,150.54,93,20.36,0.976018,,,,,,0.01,
748,157.38,98,20.37,0.976018,,,,,,0.01,
749,158.62,102,20.38,0.976018,,,,,,0.01,
750,162.08,104,20.44,0.975794,276.408295,,,,,0.01,
751,145.57,92,20.54,0.975794,,,,,,0.01,
752,144.51,91,20.55,0.975794,,,,,,0.01,
753,145.09,90,20.56,0.975794,,,,,,0.01,
754,149.8,102,20.57,0.975794,,,,,,0.01,
755,145.4,94,20.62,0.975635,266.718903,,,,,0.01,
756,137.47,84,20.63,0.975635,,,,,,0.01,
757,140.91,88,20.65,0.975635,,,,,,0.01,
758,133.83,85,20.66,0.975635,,,,,,0.01,
759,139.95,88,20.67,0.975635,,,,,,0.01,
760,146.68,95,20.72,0.975186,254.669693,,,,,0.01,
761,143.62,94,20.73,0.975186,,,,,,0.01,
762,140.84,90,20.74,0.975186,,,,,,0.01,
763,135.6,85,20.75,0.975186,,,,,,0.01,
764,138.15,90,20.76,0.975186,,,,,,0.01,
765,126.05,79,20.81,0.974689,252.852692,,,,,0.01,
766,143.24,90,20.82,0.974689,,,,,,0.01,
767,138.06,87,20.83,0.974689,,,,,,0.01,
768,129.65,84,20.84,0.974689,,,,,,0.01,
769,150.98,124,20.86,0.974689,,,,,,0.01,
770,160.97,129,20.92,0.974552,262.545715,,,,,0.01,
771,140.17,89,20.93,0.974552,,,,,,0.01,
772,129.75,81,20.94,0.974552,,,,,,0.01,
773,129.13,81,20.95,0.974552,,,,,,0.01,
774,139.91,87,20.96,0.974552,,,,,,0.01,
775,134.91,86,21.01,0.974641,258.059021,,,,,0.01,
776,135.41,85,21.02,0.974641,,,,,,0.01,
777,127.87,80,21.03,0.974641,,,,,,0.01,
778,126.46,81,21.04,0.974641,,,,,,0.01,
779,164.54,129,21.06,0.974641,,,,,,0.01,
780,133.64,83,21.11,0.974856,258.255249,,,,,0.01,
781,127.86,82,21.12,0.974856,,,,,,0.01,
782,135.02,89,21.13,0.974856,,,,,,0.01,
783,125.17,80,21.14,0.974856,,,,,,0.01,
784,135.96,87,21.15,0.974856,,,,,,0.01,
785,124.66,81,21.19,0.975121,247.453461,,,,,0.01,
786,131.41,85,21.21,0.975121,,,,,,0.01,
787,128.16,80,21.22,0.975121,,,,,,0.01,
788,134.48,85,21.23,0.975121,,,,,,0.01,
789,127.86,81,21.24,0.975121,,,,,,0.01,
790,135.23,85,21.28,0.975747,255.834946,,,,,0.01,
791,137.88,89,21.29,0.975747,,,,,,0.01,
792,129.09,83,21.3,0.975747,,,,,,0.01,
793,134.77,84,21.31,0.975747,,,,,,0.01,
794,149.1,106,21.33,0.975747,,,,,,0.01,
795,138.6,90,21.37,0.975955,249.725693,,,,,0.01,
796,125.44,83,21.39,0.975955,,,,,,0.01,
797,145.83,102,21.4,0.975955,,,,,,0.01,
798,123.95,79,21.41,0.975955,,,,,,0.01,
799,133.44,84,21.42,0.975955,,,,,,0.01,
800,135.78,87,21.46,0.976036,246.542831,,,,,0.01,
801,127.58,80,21.56,0.976036,,,,,,0.01,
802,132.77,88,21.57,0.976036,,,,,,0.01,
803,141.32,98,21.59,0.976036,,,,,,0.01,
804,130.71,84,21.6,0.976036,,,,,,0.01,
805,139.31,90,21.64,0.976168,254.077881,,,,,0.01,
806,121.19,78,21.65,0.976168,,,,,,0.01,
807,125.89,81,21.67,0.976168,,,,,,0.01,
808,124.87,80,21.68,0.976168,,,,,,0.01,
809,122.43,78,21.69,0.976168,,,,,,0.01,
810,131.26,82,21.73,0.976776,253.412888,,,,,0.01,
811,132.95,113,21.74,0.976776,,,,,,0.01,
812,125.96,79,21.75,0.976776,,,,,,0.01,
813,118.14,79,21.76,0.976776,,,,,,0.01,
814,125.8,80,21.77,0.976776,,,,,,0.01,
815,133.03,98,21.82,0.976893,234.806335,,,,,0.01,
816,119.26,78,21.83,0.976893,,,,,,0.01,
817,121.27,81,21.84,0.976893,,,,,,0.01,
818,119.02,76,21.85,0.976893,,,,,,0.01,
819,139.62,118,21.87,0.976893,,,,,,0.01,
820,116.1,76,21.91,0.977209,238.252731,,,,,0.01,
821,120.72,76,21.92,0.977209,,,,,,0.01,
822,111.66,73,21.93,0.977209,,,,,,0.01,
823,121.0,78,21.94,0.977209,,,,,,0.01,
824,126.32,107,21.95,0.977209,,,,,,0.01,
825,117.18,77,22.0,0.977531,230.289352,,,,,0.01,
826,114.03,72,22.01,0.977531,,,,,,0.01,
827,119.99,78,22.02,0.977531,,,,,,0.01,
828,138.16,115,22.03,0.977531,,,,,,0.01,
829,118.15,81,22.04,0.977531,,,,,,0.01,
830,119.77,76,22.08,0.978125,240.261963,,,,,0.01,
831,139.87,106,22.1,0.978125,,,,,,0.01,
832,107.01,71,22.11,0.978125,,,,,,0.01,
833,117.09,74,22.12,0.978125,,,,,,0.01,
834,135.09,105,22.13,0.978125,,,,,,0.01,
835,113.85,73,22.17,0.978825,237.381927,,,,,0.01,
836,114.92,74,22.18,0.978825,,,,,,0.01,
837,110.42,72,22.19,0.978825,,,,,,0.01,
838,114.57,74,22.2,0.978825,,,,,,0.01,
839,115.12,76,22.21,0.978825,,,,,,0.01,
840,117.62,79,22.25,0.979382,227.6315,,,,,0.01,
841,115.75,79,22.26,0.979382,,,,,,0.01,
842,114.55,74,22.27,0.979382,,,,,,0.01,
843,108.26,70,22.28,0.979382,,,,,,0.01,
844,112.88,77,22.29,0.979382,,,,,,0.01,
845,114.58,74,22.33,0.980048,230.736755,,,,,0.01,
846,130.76,110,22.35,0.980048,,,,,,0.01,
847,127.85,94,22.36,0.980048,,,,,,0.01,
848,112.25,73,22.37,0.980048,,,,,,0.01,
849,111.41,73,22.38,0.980048,,,,,,0.01,
850,110.54,72,22.42,0.980781,229.529617,,,,,0.01,
851,108.91,71,22.5,0.980781,,,,,,0.01,
852,113.99,74,22.51,0.980781,,,,,,0.01,
853,115.58,76,22.52,0.980781,,,,,,0.01,
854,114.72,94,22.53,0.980781,,,,,,0.01,
855,108.08,70,22.57,0.981492,221.509415,,,,,0.01,
856,110.97,71,22.58,0.981492,,,,,,0.01,
857,117.03,78,22.59,0.981492,,,,,,0.01,
858,106.5,71,22.6,0.981492,,,,,,0.01,
859,113.91,73,22.61,0.981492,,,,,,0.01,
860,115.51,76,22.65,0.982164,227.418045,,,,,0.01,
861,115.32,81,22.66,0.982164,,,,,,0.01,
862,111.74,75,22.67,0.982164,,,,,,0.01,
863,129.09,110,22.68,0.982164,,,,,,0.01,
864,106.67,69,22.69,0.982164,,,,,,0.01,
865,107.73,70,22.73,0.982517,218.827194,,,,,0.01,
866,114.33,78,22.74,0.982517,,,,,,0.01,
867,111.57,73,22.75,0.982517,,,,,,0.01,
868,111.53,73,22.76,0.982517,,,,,,0.01,
869,122.75,100,22.78,0.982517,,,,,,0.01,
870,108.08,70,22.82,0.982914,224.589233,,,,,0.01,
871,107.13,71,22.83,0.982914,,,,,,0.01,
872,106.41,70,22.84,0.982914,,,,,,0.01,
873,117.92,77,22.85,0.982914,,,,,,0.01,
874,112.5,72,22.85,0.982914,,,,,,0.01,
875,107.63,71,22.89,0.983288,223.610031,,,,,0.01,
876,107.49,70,22.9,0.983288,,,,,,0.01,
877,108.15,71,22.91,0.983288,,,,,,0.01,
878,110.57,73,22.92,0.983288,,,,,,0.01,
879,108.22,71,22.93,0.983288,,,,,,0.01,
880,112.61,73,22.97,0.983691,222.026382,,,,,0.01,
881,112.04,76,22.98,0.983691,,,,,,0.01,
882,107.57,70,22.99,0.983691,,,,,,0.01,
883,106.45,71,22.99,0.983691,,,,,,0.01,
884,110.18,73,23.0,0.983691,,,,,,0.01,
885,110.52,73,23.04,0.984243,225.734283,,,,,0.01,
886,107.42,72,23.05,0.984243,,,,,,0.01,
887,114.33,74,23.06,0.984243,,,,,,0.01,
888,115.27,85,23.07,0.984243,,,,,,0.01,
889,110.63,74,23.08,0.984243,,,,,,0.01,
890,119.77,92,23.12,0.984884,229.471466,,,,,0.01,
891,105.95,70,23.13,0.984884,,,,,,0.01,
892,105.02,68,23.14,0.984884,,,,,,0.01,
893,103.83,73,23.15,0.984884,,,,,,0.01,
894,97.67,67,23.16,0.984884,,,,,,0.01,
895,105.73,71,23.2,0.985403,211.533356,,,,,0.01,
896,111.57,77,23.21,0.985403,,,,,,0.01,
897,104.43,69,23.21,0.985403,,,,,,0.01,
898,109.33,75,23.23,0.985403,,,,,,0.01,
899,106.59,70,23.23,0.985403,,,,,,0.01,
900,111.73,72,23.27,0.985808,219.47258,,,,,0.01,
901,102.28,67,23.35,0.985808,,,,,,0.01,
902,111.33,75,23.36,0.985808,,,,,,0.01,
903,103.58,69,23.37,0.985808,,,,,,0.01,
904,94.63,64,23.38,0.985808,,,,,,0.01,
905,101.29,68,23.42,0.986423,215.531189,,,,,0.01,
906,117.99,77,23.43,0.986423,,,,,,0.01,
907,109.29,70,23.44,0.986423,,,,,,0.01,
908,92.46,70,23.44,0.986423,,,,,,0.01,
909,113.28,98,23.46,0.986423,,,,,,0.01,
910,96.48,65,23.5,0.986861,206.295395,,,,,0.01,
911,97.94,65,23.5,0.986861,,,,,,0.01,
912,92.46,63,23.51,0.986861,,,,,,0.01,
913,92.01,63,23.52,0.986861,,,,,,0.01,
914,115.01,81,23.53,0.986861,,,,,,0.01,
915,93.51,63,23.57,0.987022,199.551865,,,,,0.01,
916,96.08,64,23.57,0.987022,,,,,,0.01,
917,89.15,61,23.58,0.987022,,,,,,0.01,
918,99.45,66,23.59,0.987022,,,,,,0.01,
919,102.63,67,23.6,0.987022,,,,,,0.01,
920,88.68,61,23.63,0.987107,199.869202,,,,,0.01,
921,90.07,62,23.64,0.987107,,,,,,0.01,
922,96.94,64,23.65,0.987107,,,,,,0.01,
923,92.37,62,23.66,0.987107,,,,,,0.01,
924,99.36,66,23.67,0.987107,,,,,,0.01,
925,98.55,65,23.7,0.986947,197.614792,,,,,0.01,
926,86.28,60,23.71,0.986947,,,,,,0.01,
927,94.44,63,23.72,0.986947,,,,,,0.01,
928,97.06,65,23.73,0.986947,,,,,,0.01,
929,103.44,67,23.74,0.986947,,,,,,0.01,
930,97.25,64,23.77,0.98686,201.241837,,,,,0.01,
931,91.87,62,23.78,0.98686,,,,,,0.01,
932,95.41,64,23.79,0.98686,,,,,,0.01,
933,94.12,63,23.8,0.98686,,,,,,0.01,
934,85.68,59,23.81,0.98686,,,,,,0.01,
935,94.59,63,23.84,0.987001,196.43512,,,,,0.01,
936,105.29,67,23.85,0.987001,,,,,,0.01,
937,84.13,59,23.86,0.987001,,,,,,0.01,
938,101.41,66,23.87,0.987001,,,,,,0.01,
939,84.18,59,23.88,0.987001,,,,,,0.01,
940,89.52,61,23.91,0.987076,194.896225,,,,,0.01,
941,126.47,89,23.92,0.987076,,,,,,0.01,
942,80.73,58,23.93,0.987076,,,,,,0.01,
943,100.47,66,23.95,0.987076,,,,,,0.01,
944,91.79,62,23.96,0.987076,,,,,,0.01,
945,92.79,63,24.0,0.987251,205.243896,,,,,0.01,
946,98.87,70,24.01,0.987251,,,,,,0.01,
947,83.91,59,24.02,0.987251,,,,,,0.01,
948,76.42,56,24.02,0.987251,,,,,,0.01,
949,86.51,60,24.03,0.987251,,,,,,0.01,
950,93.83,63,24.07,0.986882,180.394379,,,,,0.01,
951,80.18,57,24.13,0.986882,,,,,,0.01,
952,67.32,51,24.14,0.986882,,,,,,0.01,
953,92.7,62,24.15,0.986882,,,,,,0.01,
954,85.6,60,24.16,0.986882,,,,,,0.01,
955,80.1,57,24.19,0.986552,173.632126,,,,,0.01,
956,94.92,64,24.2,0.986552,,,,,,0.01,
957,138.36,85,24.21,0.986552,,,,,,0.01,
958,82.31,58,24.21,0.986552,,,,,,0.01,
959,86.43,60,24.22,0.986552,,,,,,0.01,
960,84.22,58,24.26,0.986403,208.962692,,,,,0.01,
961,80.61,57,24.26,0.986403,,,,,,0.01,
962,112.28,72,24.27,0.986403,,,,,,0.01,
963,101.55,66,24.28,0.986403,,,,,,0.01,
964,71.57,54,24.29,0.986403,,,,,,0.01,
965,76.7,55,24.32,0.986156,186.192657,,,,,0.01,
966,73.26,57,24.33,0.986156,,,,,,0.01,
967,79.48,57,24.34,0.986156,,,,,,0.01,
968,115.58,78,24.35,0.986156,,,,,,0.01,
969,83.26,59,24.35,0.986156,,,,,,0.01,
970,108.9,68,24.39,0.985226,183.704529,,,,,0.01,
971,84.13,59,24.4,0.985226,,,,,,0.01,
972,74.37,55,24.4,0.985226,,,,,,0.01,
973,79.2,60,24.41,0.985226,,,,,,0.01,
974,84.88,59,24.42,0.985226,,,,,,0.01,
975,91.88,65,24.45,0.984273,170.5802,,,,,0.01,
976,67.51,52,24.46,0.984273,,,,,,0.01,
977,67.98,53,24.47,0.984273,,,,,,0.01,
978,74.37,54,24.47,0.984273,,,,,,0.01,
979,80.86,58,24.48,0.984273,,,,,,0.01,
980,109.79,72,24.51,0.983461,172.527878,,,,,0.01,
981,83.92,59,24.52,0.983461,,,,,,0.01,
982,68.45,52,24.53,0.983461,,,,,,0.01,
983,95.31,63,24.54,0.983461,,,,,,0.01,
984,81.13,58,24.54,0.983461,,,,,,0.01,
985,81.34,59,24.57,0.982701,173.572495,,,,,0.01,
986,104.73,72,24.58,0.982701,,,,,,0.01,
987,102.13,81,24.59,0.982701,,,,,,0.01,
988,91.18,67,24.6,0.982701,,,,,,0.01,
989,89.82,64,24.61,0.982701,,,,,,0.01,
990,89.64,62,24.65,0.981706,185.617081,,,,,0.01,
991,76.16,56,24.65,0.981706,,,,,,0.01,
992,84.86,61,24.66,0.981706,,,,,,0.01,
993,83.8,59,24.67,0.981706,,,,,,0.01,
994,72.84,55,24.68,0.981706,,,,,,0.01,
995,91.59,63,24.71,0.980891,175.424866,,,,,0.01,
996,67.35,51,24.71,0.980891,,,,,,0.01,
997,70.39,53,24.72,0.980891,,,,,,0.01,
998,69.18,56,24.73,0.980891,,,,,,0.01,
999,75.31,55,24.73,0.980891,,,,,,0.01,
1000,111.85,81,24.77,0.980116,163.302261,,,,,0.01,
1001,63.35,50,24.83,0.980116,,,,,,0.01,
1002,91.85,70,24.84,0.980116,,,,,,0.01,
1003,85.58,59,24.85,0.980116,,,,,,0.01,
1004,74.52,55,24.85,0.980116,,,,,,0.01,
1005,76.82,56,24.88,0.979289,162.911255,,,,,0.01,
1006,70.23,51,24.89,0.979289,,,,,,0.01,
1007,71.53,54,24.9,0.979289,,,,,,0.01,
1008,79.26,57,24.9,0.979289,,,,,,0.01,
1009,68.89,51,24.91,0.979289,,,,,,0.01,
1010,87.42,60,24.94,0.978076,153.051346,,,,,0.01,
1011,62.48,49,24.95,0.978076,,,,,,0.01,
1012,69.24,52,24.95,0.978076,,,,,,0.01,
1013,67.07,50,24.96,0.978076,,,,,,0.01,
1014,69.78,51,24.97,0.978076,,,,,,0.01,
1015,68.18,51,24.99,0.976963,141.675079,,,,,0.01,
1016,59.13,47,25.0,0.976963,,,,,,0.01,
1017,62.26,48,25.0,0.976963,,,,,,0.01,
1018,59.68,47,25.01,0.976963,,,,,,0.01,
1019,62.11,49,25.02,0.976963,,,,,,0.01,
1020,59.83,47,25.04,0.975678,126.054016,,,,,0.01,
1021,63.52,50,25.05,0.975678,,,,,,0.01,
1022,64.11,48,25.05,0.975678,,,,,,0.01,
1023,68.25,51,25.06,0.975678,,,,,,0.01,
1024,62.41,47,25.07,0.975678,,,,,,0.01,
1025,57.06,45,25.09,0.974839,136.569885,,,,,0.01,
1026,59.48,45,25.1,0.974839,,,,,,0.01,
1027,59.5,47,25.1,0.974839,,,,,,0.01,
1028,67.69,50,25.11,0.974839,,,,,,0.01,
1029,63.63,49,25.12,0.974839,,,,,,0.01,
1030,64.62,50,25.14,0.974053,132.613846,,,,,0.01,
1031,54.5,42,25.15,0.974053,,,,,,0.01,
1032,55.8,45,25.15,0.974053,,,,,,0.01,
1033,65.18,49,25.16,0.974053,,,,,,0.01,
1034,65.92,49,25.17,0.974053,,,,,,0.01,
1035,63.02,47,25.19,0.973354,130.129852,,,,,0.01,
1036,63.9,49,25.2,0.973354,,,,,,0.01,
1037,65.73,50,25.2,0.973354,,,,,,0.01,
1038,55.8,45,25.21,0.973354,,,,,,0.01,
1039,63.82,48,25.22,0.973354,,,,,,0.01,
1040,63.68,47,25.24,0.972661,131.749557,,,,,0.01,
1041,68.85,51,25.25,0.972661,,,,,,0.01,
1042,54.63,42,25.25,0.972661,,,,,,0.01,
1043,69.4,50,25.26,0.972661,,,,,,0.01,
1044,64.12,49,25.26,0.972661,,,,,,0.01,
1045,63.67,50,25.29,0.971885,132.474304,,,,,0.01,
1046,58.29,45,25.3,0.971885,,,,,,0.01,
1047,63.72,48,25.3,0.971885,,,,,,0.01,
1048,56.01,45,25.31,0.971885,,,,,,0.01,
1049,60.29,45,25.31,0.971885,,,,,,0.01,
1050,60.12,45,25.34,0.970634,117.639,,,,,0.01,
1051,59.4,45,25.39,0.970634,,,,,,0.01,
1052,62.71,47,25.39,0.970634,,,,,,0.01,
1053,64.2,50,25.4,0.970634,,,,,,0.01,
1054,69.06,53,25.41,0.970634,,,,,,0.01,
1055,63.44,47,25.43,0.969613,134.128464,,,,,0.01,
1056,60.83,48,25.44,0.969613,,,,,,0.01,
1057,62.44,46,25.45,0.969613,,,,,,0.01,
1058,62.12,46,25.45,0.969613,,,,,,0.01,
1059,64.25,48,25.46,0.969613,,,,,,0.01,
1060,53.81,43,25.48,0.968785,129.713242,,,,,0.01,
1061,58.44,46,25.49,0.968785,,,,,,0.01,
1062,63.01,47,25.49,0.968785,,,,,,0.01,
1063,65.56,51,25.5,0.968785,,,,,,0.01,
1064,57.8,46,25.51,0.968785,,,,,,0.01,
1065,58.07,47,25.53,0.967964,124.321785,,,,,0.01,
1066,55.65,45,25.54,0.967964,,,,,,0.01,
1067,59.53,47,25.54,0.967964,,,,,,0.01,
1068,59.57,47,25.55,0.967964,,,,,,0.01,
1069,59.58,46,25.56,0.967964,,,,,,0.01,
1070,56.39,46,25.58,0.96727,121.92421,,,,,0.01,
1071,64.29,51,25.59,0.96727,,,,,,0.01,
1072,55.04,43,25.59,0.96727,,,,,,0.01,
1073,62.23,48,25.6,0.96727,,,,,,0.01,
1074,60.37,47,25.6,0.96727,,,,,,0.01,
1075,60.87,48,25.63,0.966726,127.278259,,,,,0.01,
1076,64.89,51,25.64,0.966726,,,,,,0.01,
1077,48.68,39,25.64,0.966726,,,,,,0.01,
1078,62.48,48,25.65,0.966726,,,,,,0.01,
1079,59.02,46,25.65,0.966726,,,,,,0.01,
1080,56.16,45,25.68,0.966305,123.069298,,,,,0.01,
1081,62.3,48,25.68,0.966305,,,,,,0.01,
1082,60.48,49,25.69,0.966305,,,,,,0.01,
1083,55.96,45,25.7,0.966305,,,,,,0.01,
1084,53.01,42,25.7,0.966305,,,,,,0.01,
1085,48.78,41,25.72,0.965909,115.821075,,,,,0.01,
1086,55.52,42,25.73,0.965909,,,,,,0.01,
1087,56.89,45,25.74,0.965909,,,,,,0.01,
1088,55.61,45,25.74,0.965909,,,,,,0.01,
1089,57.33,47,25.75,0.965909,,,,,,0.01,
1090,63.29,49,25.77,0.965512,122.475533,,,,,0.01,
1091,52.83,43,25.78,0.965512,,,,,,0.01,
1092,65.89,51,25.79,0.965512,,,,,,0.01,
1093,57.29,46,25.79,0.965512,,,,,,0.01,
1094,52.14,44,25.8,0.965512,,,,,,0.01,
1095,58.85,46,25.82,0.965244,123.36911,,,,,0.01,
1096,60.29,47,25.83,0.965244,,,,,,0.01,
1097,60.85,48,25.83,0.965244,,,,,,0.01,
1098,56.51,44,25.84,0.965244,,,,,,0.01,
1099,52.74,42,25.85,0.965244,,,,,,0.01,
1100,61.46,49,25.87,0.964874,118.687881,,,,,0.01,
1101,52.36,43,25.92,0.964874,,,,,,0.01,
1102,53.78,45,25.93,0.964874,,,,,,0.01,
1103,50.08,40,25.93,0.964874,,,,,,0.01,
1104,58.22,45,25.94,0.964874,,,,,,0.01,
1105,51.39,42,25.96,0.964418,110.876816,,,,,0.01,
1106,53.9,42,25.97,0.964418,,,,,,0.01,
1107,65.02,51,25.97,0.964418,,,,,,0.01,
1108,52.63,45,25.98,0.964418,,,,,,0.01,
1109,49.22,41,25.98,0.964418,,,,,,0.01,
1110,60.3,48,26.01,0.963977,116.567375,,,,,0.01,
1111,49.14,44,26.01,0.963977,,,,,,0.01,
1112,51.71,44,26.02,0.963977,,,,,,0.01,
1113,53.45,45,26.03,0.963977,,,,,,0.01,
1114,46.13,38,26.03,0.963977,,,,,,0.01,
1115,56.28,46,26.05,0.96301,102.566666,,,,,0.01,
1116,64.35,51,26.06,0.96301,,,,,,0.01,
1117,53.62,44,26.06,0.96301,,,,,,0.01,
1118,49.57,42,26.07,0.96301,,,,,,0.01,
1119,50.52,41,26.08,0.96301,,,,,,0.01,
1120,64.39,51,26.1,0.961938,114.043251,,,,,0.01,
1121,49.66,42,26.11,0.961938,,,,,,0.01,
1122,44.67,37,26.11,0.961938,,,,,,0.01,
1123,58.55,47,26.12,0.961938,,,,,,0.01,
1124,54.2,42,26.12,0.961938,,,,,,0.01,
1125,49.38,44,26.14,0.961004,107.339592,,,,,0.01,
1126,57.43,46,26.15,0.961004,,,,,,0.01,
1127,48.62,42,26.16,0.961004,,,,,,0.01,
1128,47.15,40,26.16,0.961004,,,,,,0.01,
1129,49.7,41,26.17,0.961004,,,,,,0.01,
1130,44.26,38,26.19,0.959951,99.633163,,,,,0.01,
1131,57.74,44,26.19,0.959951,,,,,,0.01,
1132,49.44,41,26.2,0.959951,,,,,,0.01,
1133,52.39,44,26.21,0.959951,,,,,,0.01,
1134,50.6,41,26.21,0.959951,,,,,,0.01,
1135,50.24,42,26.23,0.95911,109.751686,,,,,0.01,
1136,55.47,45,26.24,0.95911,,,,,,0.01,
1137,52.48,42,26.24,0.95911,,,,,,0.01,
1138,48.24,41,26.25,0.95911,,,,,,0.01,
1139,50.06,40,26.25,0.95911,,,,,,0.01,
1140,47.28,40,26.28,0.95786,98.496674,,,,,0.01,
1141,44.1,36,26.28,0.95786,,,,,,0.01,
1142,45.39,37,26.29,0.95786,,,,,,0.01,
1143,51.36,42,26.29,0.95786,,,,,,0.01,
1144,49.77,40,26.3,0.95786,,,,,,0.01,
1145,46.06,37,26.32,0.957122,101.730568,,,,,0.01,
1146,46.52,38,26.32,0.957122,,,,,,0.01,
1147,45.27,39,26.33,0.957122,,,,,,0.01,
1148,44.92,36,26.33,0.957122,,,,,,0.01,
1149,46.77,38,26.34,0.957122,,,,,,0.01,
1150,45.42,38,26.36,0.956449,93.807686,,,,,0.01,
1151,46.74,38,26.4,0.956449,,,,,,0.01,
1152,43.92,36,26.4,0.956449,,,,,,0.01,
1153,48.47,39,26.41,0.956449,,,,,,0.01,
1154,39.61,33,26.41,0.956449,,,,,,0.01,
1155,42.18,35,26.43,0.95579,90.215553,,,,,0.01,
1156,46.98,40,26.44,0.95579,,,,,,0.01,
1157,50.98,42,26.44,0.95579,,,,,,0.01,
1158,42.28,37,26.45,0.95579,,,,,,0.01,
1159,49.0,40,26.45,0.95579,,,,,,0.01,
1160,50.41,41,26.47,0.955075,97.342926,,,,,0.01,
1161,43.94,37,26.48,0.955075,,,,,,0.01,
1162,47.63,40,26.48,0.955075,,,,,,0.01,
1163,49.79,41,26.49,0.955075,,,,,,0.01,
1164,46.28,40,26.49,0.955075,,,,,,0.01,
1165,53.35,45,26.51,0.954341,96.167297,,,,,0.01,
1166,51.39,42,26.52,0.954341,,,,,,0.01,
1167,47.91,41,26.52,0.954341,,,,,,0.01,
1168,49.11,39,26.53,0.954341,,,,,,0.01,
1169,51.96,43,26.54,0.954341,,,,,,0.01,
1170,57.2,46,26.56,0.953564,98.46125,,,,,0.01,
1171,54.15,43,26.56,0.953564,,,,,,0.01,
1172,51.64,43,26.57,0.953564,,,,,,0.01,
1173,49.55,41,26.57,0.953564,,,,,,0.01,
1174,51.07,42,26.58,0.953564,,,,,,0.01,
1175,51.96,40,26.6,0.952803,102.290237,,,,,0.01,
1176,47.81,39,26.61,0.952803,,,,,,0.01,
1177,47.39,39,26.61,0.952803,,,,,,0.01,
1178,59.81,47,26.62,0.952803,,,,,,0.01,
1179,55.67,45,26.62,0.952803,,,,,,0.01,
1180,51.64,41,26.65,0.952184,108.91674,,,,,0.01,
1181,56.04,44,26.65,0.952184,,,,,,0.01,
1182,52.21,43,26.66,0.952184,,,,,,0.01,
1183,51.04,41,26.66,0.952184,,,,,,0.01,
1184,44.49,38,26.67,0.952184,,,,,,0.01,
1185,48.71,42,26.69,0.951174,96.963921,,,,,0.01,
1186,61.03,48,26.69,0.951174,,,,,,0.01,
1187,50.24,42,26.7,0.951174,,,,,,0.01,
1188,49.4,41,26.7,0.951174,,,,,,0.01,
1189,55.19,45,26.71,0.951174,,,,,,0.01,
1190,53.95,42,26.73,0.950292,110.167366,,,,,0.01,
1191,51.99,44,26.74,0.950292,,,,,,0.01,
1192,52.63,43,26.74,0.950292,,,,,,0.01,
1193,48.26,39,26.75,0.950292,,,,,,0.01,
1194,52.89,44,26.75,0.950292,,,,,,0.01,
1195,52.08,43,26.78,0.949271,101.723412,,,,,0.01,
1196,60.74,47,26.78,0.949271,,,,,,0.01,
1197,51.94,44,26.79,0.949271,,,,,,0.01,
1198,52.0,43,26.79,0.949271,,,,,,0.01,
1199,50.42,41,26.8,0.949271,,,,,,0.01,
1200,49.53,40,26.82,0.948244,104.179527,,,,,0.01,
1201,47.52,40,26.87,0.948244,,,,,,0.01,
1202,51.02,42,26.87,0.948244,,,,,,0.01,
1203,56.69,46,26.88,0.948244,,,,,,0.01,
1204,51.31,42,26.89,0.948244,,,,,,0.01,
1205,50.65,41,26.91,0.947606,104.571304,,,,,0.01,
1206,46.42,38,26.91,0.947606,,,,,,0.01,
1207,51.35,42,26.92,0.947606,,,,,,0.01,
1208,61.07,49,26.92,0.947606,,,,,,0.01,
1209,54.25,44,26.93,0.947606,,,,,,0.01,
1210,51.42,42,26.95,0.946984,102.926323,,,,,0.01,
1211,54.6,43,26.96,0.946984,,,,,,0.01,
1212,61.32,48,26.96,0.946984,,,,,,0.01,
1213,52.58,43,26.97,0.946984,,,,,,0.01,
1214,50.68,40,26.97,0.946984,,,,,,0.01,
1215,51.83,44,27.0,0.946074,105.338425,,,,,0.01,
1216,57.02,46,27.0,0.946074,,,,,,0.01,
1217,54.84,43,27.01,0.946074,,,,,,0.01,
1218,55.25,44,27.01,0.946074,,,,,,0.01,
1219,53.03,43,27.02,0.946074,,,,,,0.01,
1220,65.78,51,27.04,0.945317,118.14711,,,,,0.01,
1221,55.92,45,27.05,0.945317,,,,,,0.01,
1222,52.29,41,27.06,0.945317,,,,,,0.01,
1223,54.72,45,27.06,0.945317,,,,,,0.01,
1224,53.85,45,27.07,0.945317,,,,,,0.01,
1225,59.19,46,27.09,0.944565,108.417145,,,,,0.01,
1226,57.04,46,27.1,0.944565,,,,,,0.01,
1227,55.69,45,27.1,0.944565,,,,,,0.01,
1228,64.87,50,27.11,0.944565,,,,,,0.01,
1229,51.48,41,27.11,0.944565,,,,,,0.01,
1230,61.15,48,27.14,0.944123,123.248337,,,,,0.01,
1231,53.28,43,27.14,0.944123,,,,,,0.01,
1232,54.34,43,27.15,0.944123,,,,,,0.01,
1233,57.85,47,27.16,0.944123,,,,,,0.01,
1234,63.3,50,27.16,0.944123,,,,,,0.01,
1235,58.57,47,27.19,0.943647,111.545151,,,,,0.01,
1236,63.61,51,27.19,0.943647,,,,,,0.01,
1237,49.2,40,27.2,0.943647,,,,,,0.01,
1238,72.08,55,27.21,0.943647,,,,,,0.01,
1239,52.39,41,27.21,0.943647,,,,,,0.01,
1240,52.58,42,27.23,0.943256,119.826828,,,,,0.01,
1241,53.88,43,27.24,0.943256,,,,,,0.01,
1242,56.5,45,27.25,0.943256,,,,,,0.01,
1243,72.91,55,27.25,0.943256,,,,,,0.01,
1244,64.79,51,27.26,0.943256,,,,,,0.01,
1245,58.33,46,27.28,0.942808,119.752815,,,,,0.01,
1246,57.49,45,27.29,0.942808,,,,,,0.01,
1247,56.28,45,27.3,0.942808,,,,,,0.01,
1248,55.51,45,27.3,0.942808,,,,,,0.01,
1249,61.58,49,27.31,0.942808,,,,,,0.01,
1250,61.3,50,27.34,0.942415,116.740784,,,,,0.01,
1251,54.38,44,27.39,0.942415,,,,,,0.01,
1252,54.8,44,27.4,0.942415,,,,,,0.01,
1253,58.92,47,27.4,0.942415,,,,,,0.01,
1254,59.78,48,27.41,0.942415,,,,,,0.01,
1255,54.64,44,27.43,0.942038,110.883499,,,,,0.01,
1256,60.71,49,27.44,0.942038,,,,,,0.01,
1257,57.21,46,27.45,0.942038,,,,,,0.01,
1258,54.86,44,27.45,0.942038,,,,,,0.01,
1259,58.3,48,27.46,0.942038,,,,,,0.01,
1260,61.75,49,27.48,0.941462,111.444153,,,,,0.01,
1261,52.85,42,27.49,0.941462,,,,,,0.01,
1262,60.22,48,27.49,0.941462,,,,,,0.01,
1263,58.02,47,27.5,0.941462,,,,,,0.01,
1264,52.14,41,27.51,0.941462,,,,,,0.01,
1265,54.95,45,27.53,0.9409,107.555389,,,,,0.01,
1266,48.25,38,27.54,0.9409,,,,,,0.01,
1267,52.57,43,27.54,0.9409,,,,,,0.01,
1268,60.3,49,27.55,0.9409,,,,,,0.01,
1269,52.68,43,27.55,0.9409,,,,,,0.01,
1270,58.27,47,27.58,0.940442,107.992096,,,,,0.01,
1271,55.11,44,27.58,0.940442,,,,,,0.01,
1272,56.18,45,27.59,0.940442,,,,,,0.01,
1273,51.2,40,27.59,0.940442,,,,,,0.01,
1274,49.33,40,27.6,0.940442,,,,,,0.01,
1275,56.81,47,27.62,0.940148,107.320343,,,,,0.01,
1276,55.8,45,27.63,0.940148,,,,,,0.01,
1277,52.87,42,27.63,0.940148,,,,,,0.01,
1278,55.68,46,27.64,0.940148,,,,,,0.01,
1279,50.37,40,27.65,0.940148,,,,,,0.01,
1280,56.65,46,27.67,0.940009,107.31736,,,,,0.01,
1281,49.34,39,27.68,0.940009,,,,,,0.01,
1282,51.86,41,27.68,0.940009,,,,,,0.01,
1283,47.89,37,27.69,0.940009,,,,,,0.01,
1284,51.44,41,27.69,0.940009,,,,,,0.01,
1285,50.35,41,27.71,0.939698,96.286949,,,,,0.01,
1286,49.58,39,27.72,0.939698,,,,,,0.01,
1287,50.39,38,27.72,0.939698,,,,,,0.01,
1288,50.89,40,27.73,0.939698,,,,,,0.01,
1289,53.55,43,27.73,0.939698,,,,,,0.01,
1290,53.01,42,27.76,0.939144,99.956177,,,,,0.01,
1291,52.71,41,27.76,0.939144,,,,,,0.01,
1292,49.7,37,27.77,0.939144,,,,,,0.01,
1293,49.72,39,27.77,0.939144,,,,,,0.01,
1294,51.98,41,27.78,0.939144,,,,,,0.01,
1295,47.31,36,27.8,0.938592,99.106972,,,,,0.01,
1296,46.36,35,27.8,0.938592,,,,,,0.01,
1297,47.59,36,27.81,0.938592,,,,,,0.01,
1298,52.48,41,27.81,0.938592,,,,,,0.01,
1299,47.73,36,27.82,0.938592,,,,,,0.01,
1300,49.92,40,27.84,0.938338,99.988144,,,,,0.01,
1301,49.31,38,27.88,0.938338,,,,,,0.01,
1302,43.82,32,27.89,0.938338,,,,,,0.01,
1303,49.14,38,27.89,0.938338,,,,,,0.01,
1304,49.76,39,27.9,0.938338,,,,,,0.01,
1305,50.08,39,27.92,0.938104,95.807709,,,,,0.01,
1306,43.02,32,27.92,0.938104,,,,,,0.01,
1307,48.53,38,27.92,0.938104,,,,,,0.01,
1308,48.69,38,27.93,0.938104,,,,,,0.01,
1309,49.3,38,27.93,0.938104,,,,,,0.01,
1310,47.58,37,27.95,0.937917,94.230476,,,,,0.01,
1311,49.71,40,27.96,0.937917,,,,,,0.01,
1312,48.35,39,27.96,0.937917,,,,,,0.01,
1313,48.47,40,27.97,0.937917,,,,,,0.01,
1314,39.26,30,27.97,0.937917,,,,,,0.01,
1315,44.84,35,27.99,0.937666,90.157066,,,,,0.01,
1316,43.62,32,28.0,0.937666,,,,,,0.01,
1317,51.11,42,28.0,0.937666,,,,,,0.01,
1318,44.78,34,28.01,0.937666,,,,,,0.01,
1319,46.37,38,28.01,0.937666,,,,,,0.01,
1320,41.25,32,28.03,0.937509,92.354195,,,,,0.01,
1321,45.35,35,28.03,0.937509,,,,,,0.01,
1322,43.99,34,28.04,0.937509,,,,,,0.01,
1323,47.71,37,28.04,0.937509,,,,,,0.01,
1324,43.77,33,28.05,0.937509,,,,,,0.01,
1325,40.47,30,28.06,0.937037,87.658432,,,,,0.01,
1326,46.08,36,28.07,0.937037,,,,,,0.01,
1327,39.36,30,28.07,0.937037,,,,,,0.01,
1328,43.77,33,28.08,0.937037,,,,,,0.01,
1329,44.78,34,28.08,0.937037,,,,,,0.01,
1330,43.53,33,28.1,0.936814,92.242767,,,,,0.01,
1331,40.79,31,28.1,0.936814,,,,,,0.01,
1332,46.13,35,28.11,0.936814,,,,,,0.01,
1333,44.9,34,28.11,0.936814,,,,,,0.01,
1334,45.88,35,28.12,0.936814,,,,,,0.01,
1335,41.88,32,28.13,0.936654,91.29351,,,,,0.01,
1336,45.2,35,28.14,0.936654,,,,,,0.01,
1337,44.36,34,28.14,0.936654,,,,,,0.01,
1338,46.72,36,28.15,0.936654,,,,,,0.01,
1339,41.74,31,28.15,0.936654,,,,,,0.01,
1340,46.11,35,28.17,0.936465,91.869804,,,,,0.01,
1341,44.37,34,28.17,0.936465,,,,,,0.01,
1342,44.34,34,28.18,0.936465,,,,,,0.01,
1343,41.87,31,28.18,0.936465,,,,,,0.01,
1344,42.92,33,28.19,0.936465,,,,,,0.01,
1345,43.08,32,28.2,0.936247,88.777916,,,,,0.01,
1346,40.34,30,28.21,0.936247,,,,,,0.01,
1347,43.26,33,28.21,0.936247,,,,,,0.01,
1348,43.2,32,28.22,0.936247,,,,,,0.01,
1349,43.65,33,28.22,0.936247,,,,,,0.01,
1350,44.78,34,28.24,0.935347,83.673439,,,,,0.01,
1351,42.41,32,28.27,0.935347,,,,,,0.01,
1352,45.7,35,28.28,0.935347,,,,,,0.01,
1353,42.9,33,28.28,0.935347,,,,,,0.01,
1354,39.56,30,28.28,0.935347,,,,,,0.01,
1355,43.23,33,28.3,0.934554,89.290192,,,,,0.01,
1356,43.27,33,28.31,0.934554,,,,,,0.01,
1357,43.98,34,28.31,0.934554,,,,,,0.01,
1358,43.58,33,28.31,0.934554,,,,,,0.01,
1359,46.14,36,28.32,0.934554,,,,,,0.01,
1360,40.42,31,28.34,0.933758,89.345116,,,,,0.01,
1361,44.3,34,28.34,0.933758,,,,,,0.01,
1362,40.92,31,28.34,0.933758,,,,,,0.01,
1363,45.66,36,28.35,0.933758,,,,,,0.01,
1364,37.91,29,28.35,0.933758,,,,,,0.01,
1365,42.79,33,28.37,0.933039,88.370743,,,,,0.01,
1366,42.26,32,28.37,0.933039,,,,,,0.01,
1367,39.77,30,28.38,0.933039,,,,,,0.01,
1368,42.71,33,28.38,0.933039,,,,,,0.01,
1369,42.5,33,28.39,0.933039,,,,,,0.01,
1370,40.9,31,28.4,0.932559,90.344772,,,,,0.01,
1371,42.94,33,28.41,0.932559,,,,,,0.01,
1372,42.86,33,28.41,0.932559,,,,,,0.01,
1373,43.6,34,28.42,0.932559,,,,,,0.01,
1374,42.49,32,28.42,0.932559,,,,,,0.01,
1375,43.62,33,28.44,0.932444,92.281502,,,,,0.01,
1376,39.14,30,28.44,0.932444,,,,,,0.01,
1377,40.65,31,28.45,0.932444,,,,,,0.01,
1378,39.76,31,28.45,0.932444,,,,,,0.01,
1379,42.76,33,28.46,0.932444,,,,,,0.01,
1380,37.76,29,28.47,0.932203,83.300499,,,,,0.01,
1381,39.64,31,28.47,0.932203,,,,,,0.01,
1382,40.76,30,28.48,0.932203,,,,,,0.01,
1383,41.57,32,28.48,0.932203,,,,,,0.01,
1384,40.63,30,28.49,0.932203,,,,,,0.01,
1385,42.24,32,28.5,0.932185,90.923187,,,,,0.01,
1386,40.14,30,28.51,0.932185,,,,,,0.01,
1387,42.87,33,28.51,0.932185,,,,,,0.01,
1388,40.94,31,28.51,0.932185,,,,,,0.01,
1389,40.98,31,28.52,0.932185,,,,,,0.01,
1390,42.57,32,28.54,0.931992,86.248642,,,,,0.01,
1391,42.67,34,28.54,0.931992,,,,,,0.01,
1392,40.94,32,28.54,0.931992,,,,,,0.01,
1393,42.3,33,28.55,0.931992,,,,,,0.01,
1394,42.26,33,28.55,0.931992,,,,,,0.01,
1395,42.8,31,28.57,0.931959,94.201523,,,,,0.01,
1396,44.18,34,28.57,0.931959,,,,,,0.01,
1397,44.43,36,28.58,0.931959,,,,,,0.01,
1398,42.69,33,28.58,0.931959,,,,,,0.01,
1399,40.75,32,28.59,0.931959,,,,,,0.01,
1400,43.49,33,28.6,0.931981,89.675232,,,,,0.01,
1401,39.17,30,28.64,0.931981,,,,,,0.01,
1402,43.57,34,28.64,0.931981,,,,,,0.01,
1403,41.05,31,28.65,0.931981,,,,,,0.01,
1404,41.07,31,28.65,0.931981,,,,,,0.01,
1405,44.44,34,28.67,0.93192,86.357346,,,,,0.01,
1406,43.45,34,28.67,0.93192,,,,,,0.01,
1407,43.75,33,28.68,0.93192,,,,,,0.01,
1408,42.7,33,28.68,0.93192,,,,,,0.01,
1409,42.18,32,28.69,0.93192,,,,,,0.01,
1410,41.87,32,28.7,0.931746,88.524269,,,,,0.01,
1411,44.1,33,28.71,0.931746,,,,,,0.01,
1412,41.42,32,28.71,0.931746,,,,,,0.01,
1413,43.26,34,28.72,0.931746,,,,,,0.01,
1414,42.34,33,28.72,0.931746,,,,,,0.01,
1415,40.63,31,28.74,0.931174,83.920654,,,,,0.01,
1416,44.41,35,28.74,0.931174,,,,,,0.01,
1417,42.41,32,28.75,0.931174,,,,,,0.01,
1418,42.73,33,28.75,0.931174,,,,,,0.01,
1419,43.76,33,28.75,0.931174,,,,,,0.01,
1420,42.71,33,28.77,0.930362,87.350739,,,,,0.01,
1421,43.24,33,28.77,0.930362,,,,,,0.01,
1422,44.12,35,28.78,0.930362,,,,,,0.01,
1423,42.83,32,28.78,0.930362,,,,,,0.01,
1424,43.41,33,28.79,0.930362,,,,,,0.01,
1425,42.43,33,28.8,0.929716,91.210487,,,,,0.01,
1426,44.28,34,28.81,0.929716,,,,,,0.01,
1427,44.2,34,28.81,0.929716,,,,,,0.01,
1428,43.25,33,28.82,0.929716,,,,,,0.01,
1429,44.01,33,28.82,0.929716,,,,,,0.01,
1430,44.69,34,28.84,0.928894,89.106972,,,,,0.01,
1431,44.67,34,28.84,0.928894,,,,,,0.01,
1432,44.33,34,28.85,0.928894,,,,,,0.01,
1433,43.04,32,28.85,0.928894,,,,,,0.01,
1434,43.77,33,28.86,0.928894,,,,,,0.01,
1435,44.64,34,28.88,0.928424,95.371933,,,,,0.01,
1436,44.32,34,28.88,0.928424,,,,,,0.01,
1437,43.32,33,28.88,0.928424,,,,,,0.01,
1438,43.54,33,28.89,0.928424,,,,,,0.01,
1439,42.79,33,28.89,0.928424,,,,,,0.01,
1440,42.63,33,28.91,0.927961,89.871689,,,,,0.01,
1441,44.81,34,28.91,0.927961,,,,,,0.01,
1442,44.55,34,28.92,0.927961,,,,,,0.01,
1443,45.35,36,28.92,0.927961,,,,,,0.01,
1444,42.93,33,28.93,0.927961,,,,,,0.01,
1445,44.4,34,28.94,0.927579,93.122589,,,,,0.01,
1446,44.1,34,28.95,0.927579,,,,,,0.01,
1447,44.29,35,28.95,0.927579,,,,,,0.01,
1448,45.79,36,28.96,0.927579,,,,,,0.01,
1449,44.01,34,28.96,0.927579,,,,,,0.01,
1450,45.25,36,28.98,0.926715,89.071281,,,,,0.01,
1451,43.42,34,29.02,0.926715,,,,,,0.01,
1452,43.79,34,29.02,0.926715,,,,,,0.01,
1453,44.26,34,29.03,0.926715,,,,,,0.01,
1454,41.39,32,29.03,0.926715,,,,,,0.01,
1455,43.81,34,29.05,0.926261,94.156403,,,,,0.01,
1456,40.48,31,29.05,0.926261,,,,,,0.01,
1457,42.54,33,29.06,0.926261,,,,,,0.01,
1458,44.93,35,29.06,0.926261,,,,,,0.01,
1459,42.08,32,29.07,0.926261,,,,,,0.01,
1460,41.46,32,29.09,0.925885,91.081039,,,,,0.01,
1461,43.52,34,29.09,0.925885,,,,,,0.01,
1462,42.52,33,29.1,0.925885,,,,,,0.01,
1463,45.54,36,29.1,0.925885,,,,,,0.01,
1464,40.51,31,29.1,0.925885,,,,,,0.01,
1465,43.25,34,29.12,0.925644,90.929504,,,,,0.01,
1466,46.11,37,29.13,0.925644,,,,,,0.01,
1467,44.61,35,29.13,0.925644,,,,,,0.01,
1468,43.92,34,29.14,0.925644,,,,,,0.01,
1469,43.07,33,29.14,0.925644,,,,,,0.01,
1470,43.72,35,29.16,0.92533,90.33593,,,,,0.01,
1471,43.42,34,29.16,0.92533,,,,,,0.01,
1472,46.41,37,29.17,0.92533,,,,,,0.01,
1473,41.51,32,29.17,0.92533,,,,,,0.01,
1474,43.8,34,29.18,0.92533,,,,,,0.01,
1475,42.05,32,29.19,0.925344,94.478882,,,,,0.01,
1476,44.31,34,29.2,0.925344,,,,,,0.01,
1477,45.0,35,29.2,0.925344,,,,,,0.01,
1478,42.43,33,29.21,0.925344,,,,,,0.01,
1479,44.17,34,29.21,0.925344,,,,,,0.01,
1480,45.3,36,29.23,0.925655,95.121887,,,,,0.01,
1481,43.75,34,29.23,0.925655,,,,,,0.01,
1482,43.05,32,29.24,0.925655,,,,,,0.01,
1483,44.0,34,29.24,0.925655,,,,,,0.01,
1484,43.66,34,29.25,0.925655,,,,,,0.01,
1485,44.29,34,29.26,0.925988,91.444069,,,,,0.01,
1486,44.96,35,29.27,0.925988,,,,,,0.01,
1487,45.78,36,29.27,0.925988,,,,,,0.01,
1488,42.95,33,29.28,0.925988,,,,,,0.01,
1489,46.23,36,29.28,0.925988,,,,,,0.01,
1490,44.63,35,29.3,0.92589,85.897179,,,,,0.01,
1491,42.28,32,29.31,0.92589,,,,,,0.01,
1492,43.62,33,29.31,0.92589,,,,,,0.01,
1493,44.92,35,29.31,0.92589,,,,,,0.01,
1494,44.37,34,29.32,0.92589,,,,,,0.01,
1495,47.02,37,29.34,0.925729,92.086197,,,,,0.01,
1496,45.29,35,29.34,0.925729,,,,,,0.01,
1497,45.15,34,29.35,0.925729,,,,,,0.01,
1498,46.07,35,29.35,0.925729,,,,,,0.01,
1499,45.25,34,29.36,0.925729,,,,,,0.01,
1500,45.13,35,29.37,0.925421,91.199623,,,,,0.01,
1501,47.64,36,29.41,0.925421,,,,,,0.01,
1502,46.04,35,29.42,0.925421,,,,,,0.01,
1503,48.8,38,29.42,0.925421,,,,,,0.01,
1504,45.91,34,29.43,0.925421,,,,,,0.01,
1505,45.89,35,29.45,0.925191,97.715401,,,,,0.01,
1506,49.11,38,29.45,0.925191,,,,,,0.01,
1507,49.75,38,29.46,0.925191,,,,,,0.01,
1508,51.54,39,29.46,0.925191,,,,,,0.01,
1509,47.04,35,29.47,0.925191,,,,,,0.01,
1510,47.96,36,29.48,0.925255,102.307808,,,,,0.01,
1511,46.61,35,29.49,0.925255,,,,,,0.01,
1512,47.52,36,29.49,0.925255,,,,,,0.01,
1513,46.0,34,29.5,0.925255,,,,,,0.01,
1514,49.02,37,29.5,0.925255,,,,,,0.01,
1515,47.97,36,29.52,0.925207,96.538078,,,,,0.01,
1516,47.53,36,29.52,0.925207,,,,,,0.01,
1517,47.66,37,29.53,0.925207,,,,,,0.01,
1518,50.02,37,29.53,0.925207,,,,,,0.01,
1519,54.32,42,29.54,0.925207,,,,,,0.01,
1520,48.81,38,29.56,0.925515,107.626045,,,,,0.01,
1521,47.56,36,29.56,0.925515,,,,,,0.01,
1522,46.9,35,29.57,0.925515,,,,,,0.01,
1523,47.43,36,29.57,0.925515,,,,,,0.01,
1524,47.74,37,29.58,0.925515,,,,,,0.01,
1525,49.61,38,29.6,0.925919,100.442444,,,,,0.01,
1526,50.11,38,29.6,0.925919,,,,,,0.01,
1527,50.27,39,29.61,0.925919,,,,,,0.01,
1528,47.76,36,29.61,0.925919,,,,,,0.01,
1529,50.85,38,29.62,0.925919,,,,,,0.01,
1530,47.52,35,29.64,0.926397,102.140816,,,,,0.01,
1531,46.76,36,29.64,0.926397,,,,,,0.01,
1532,48.19,37,29.64,0.926397,,,,,,0.01,
1533,52.16,41,29.65,0.926397,,,,,,0.01,
1534,51.49,40,29.66,0.926397,,,,,,0.01,
1535,48.47,37,29.67,0.927381,104.642067,,,,,0.01,
1536,47.55,35,29.68,0.927381,,,,,,0.01,
1537,52.64,39,29.68,0.927381,,,,,,0.01,
1538,49.98,38,29.69,0.927381,,,,,,0.01,
1539,46.58,35,29.69,0.927381,,,,,,0.01,
1540,47.33,35,29.71,0.928221,98.808411,,,,,0.01,
1541,47.0,36,29.72,0.928221,,,,,,0.01,
1542,49.48,36,29.72,0.928221,,,,,,0.01,
1543,45.77,34,29.73,0.928221,,,,,,0.01,
1544,49.47,36,29.73,0.928221,,,,,,0.01,
1545,48.88,37,29.75,0.928959,97.835907,,,,,0.01,
1546,48.5,36,29.75,0.928959,,,,,,0.01,
1547,50.85,38,29.76,0.928959,,,,,,0.01,
1548,50.29,37,29.76,0.928959,,,,,,0.01,
1549,50.95,37,29.77,0.928959,,,,,,0.01,
1550,53.13,39,29.79,0.929609,102.907684,,,,,0.01,
1551,51.18,38,29.83,0.929609,,,,,,0.01,
1552,48.09,36,29.83,0.929609,,,,,,0.01,
1553,47.0,35,29.84,0.929609,,,,,,0.01,
1554,50.86,38,29.84,0.929609,,,,,,0.01,
1555,50.6,37,29.86,0.93035,102.247726,,,,,0.01,
1556,51.21,38,29.87,0.93035,,,,,,0.01,
1557,46.24,35,29.87,0.93035,,,,,,0.01,
1558,49.18,37,29.88,0.93035,,,,,,0.01,
1559,46.34,34,29.88,0.93035,,,,,,0.01,
1560,52.14,39,29.9,0.931139,101.593323,,,,,0.01,
1561,52.76,40,29.91,0.931139,,,,,,0.01,
1562,48.06,35,29.91,0.931139,,,,,,0.01,
1563,46.71,34,29.91,0.931139,,,,,,0.01,
1564,49.54,36,29.92,0.931139,,,,,,0.01,
1565,46.83,34,29.94,0.931561,98.264832,,,,,0.01,
1566,45.89,34,29.94,0.931561,,,,,,0.01,
1567,49.08,37,29.95,0.931561,,,,,,0.01,
1568,50.54,38,29.95,0.931561,,,,,,0.01,
1569,47.91,35,29.96,0.931561,,,,,,0.01,
1570,50.53,38,29.98,0.932121,100.425644,,,,,0.01,
1571,46.78,35,29.98,0.932121,,,,,,0.01,
1572,46.39,34,29.98,0.932121,,,,,,0.01,
1573,49.97,37,29.99,0.932121,,,,,,0.01,
1574,48.46,35,29.99,0.932121,,,,,,0.01,
1575,45.19,33,30.01,0.932814,100.933235,,,,,0.01,
1576,49.4,37,30.02,0.932814,,,,,,0.01,
1577,49.33,37,30.02,0.932814,,,,,,0.01,
1578,44.63,33,30.03,0.932814,,,,,,0.01,
1579,48.28,36,30.03,0.932814,,,,,,0.01,
1580,46.12,34,30.05,0.933557,99.439262,,,,,0.01,
1581,46.97,34,30.05,0.933557,,,,,,0.01,
1582,49.37,36,30.06,0.933557,,,,,,0.01,
1583,52.61,39,30.06,0.933557,,,,,,0.01,
1584,54.07,41,30.07,0.933557,,,,,,0.01,
1585,51.11,38,30.09,0.93423,103.522179,,,,,0.01,
1586,50.0,36,30.09,0.93423,,,,,,0.01,
1587,46.21,34,30.1,0.93423,,,,,,0.01,
1588,47.08,35,30.1,0.93423,,,,,,0.01,
1589,46.97,34,30.1,0.93423,,,,,,0.01,
1590,48.49,36,30.12,0.934746,97.946968,,,,,0.01,
1591,48.95,36,30.13,0.934746,,,,,,0.01,
1592,45.02,33,30.13,0.934746,,,,,,0.01,
1593,52.35,39,30.14,0.934746,,,,,,0.01,
1594,48.96,36,30.14,0.934746,,,,,,0.01,
1595,48.4,35,30.16,0.935165,101.348679,,,,,0.01,
1596,46.18,34,30.17,0.935165,,,,,,0.01,
1597,43.63,32,30.17,0.935165,,,,,,0.01,
1598,48.83,36,30.17,0.935165,,,,,,0.01,
1599,50.63,38,30.18,0.935165,,,,,,0.01,
1600,48.9,36,30.2,0.935973,103.623749,,,,,0.01,
1601,47.64,34,30.24,0.935973,,,,,,0.01,
1602,51.06,38,30.24,0.935973,,,,,,0.01,
1603,50.63,38,30.25,0.935973,,,,,,0.01,
1604,51.11,38,30.25,0.935973,,,,,,0.01,
1605,49.99,37,30.27,0.936624,101.364357,,,,,0.01,
1606,52.16,39,30.28,0.936624,,,,,,0.01,
1607,48.16,36,30.28,0.936624,,,,,,0.01,
1608,49.44,36,30.29,0.936624,,,,,,0.01,
1609,48.29,35,30.29,0.936624,,,,,,0.01,
1610,51.13,39,30.31,0.93728,102.218391,,,,,0.01,
1611,48.92,36,30.31,0.93728,,,,,,0.01,
1612,48.86,36,30.32,0.93728,,,,,,0.01,
1613,46.87,35,30.32,0.93728,,,,,,0.01,
1614,51.56,38,30.33,0.93728,,,,,,0.01,
1615,50.4,38,30.35,0.937668,99.641533,,,,,0.01,
1616,49.99,37,30.35,0.937668,,,,,,0.01,
1617,49.05,37,30.36,0.937668,,,,,,0.01,
1618,48.62,35,30.36,0.937668,,,,,,0.01,
1619,48.09,36,30.37,0.937668,,,,,,0.01,
1620,47.98,36,30.39,0.938332,103.65802,,,,,0.01,
1621,46.5,34,30.39,0.938332,,,,,,0.01,
1622,48.83,36,30.39,0.938332,,,,,,0.01,
1623,47.84,35,30.4,0.938332,,,,,,0.01,
1624,45.67,34,30.4,0.938332,,,,,,0.01,
1625,49.44,36,30.42,0.939102,100.851852,,,,,0.01,
1626,50.37,37,30.43,0.939102,,,,,,0.01,
1627,54.92,40,30.43,0.939102,,,,,,0.01,
1628,50.41,37,30.44,0.939102,,,,,,0.01,
1629,47.38,35,30.44,0.939102,,,,,,0.01,
1630,49.09,36,30.46,0.939628,102.269249,,,,,0.01,
1631,47.24,34,30.46,0.939628,,,,,,0.01,
1632,53.36,40,30.47,0.939628,,,,,,0.01,
1633,49.94,36,30.47,0.939628,,,,,,0.01,
1634,54.07,39,30.48,0.939628,,,,,,0.01,
1635,47.96,35,30.5,0.940076,103.533791,,,,,0.01,
1636,49.49,36,30.5,0.940076,,,,,,0.01,
1637,53.15,39,30.51,0.940076,,,,,,0.01,
1638,51.68,38,30.51,0.940076,,,,,,0.01,
1639,52.59,38,30.52,0.940076,,,,,,0.01,
1640,49.74,36,30.54,0.94017,101.403366,,,,,0.01,
1641,52.17,38,30.54,0.94017,,,,,,0.01,
1642,51.42,37,30.55,0.94017,,,,,,0.01,
1643,53.11,39,30.55,0.94017,,,,,,0.01,
1644,48.82,35,30.56,0.94017,,,,,,0.01,
1645,53.44,39,30.58,0.940358,106.372986,,,,,0.01,
1646,54.21,40,30.58,0.940358,,,,,,0.01,
1647,49.6,36,30.59,0.940358,,,,,,0.01,
1648,49.98,36,30.59,0.940358,,,,,,0.01,
1649,50.66,36,30.6,0.940358,,,,,,0.01,
1650,49.1,35,30.61,0.941079,113.678322,,,,,0.01,
1651,50.06,36,30.66,0.941079,,,,,,0.01,
1652,44.69,32,30.66,0.941079,,,,,,0.01,
1653,48.25,35,30.66,0.941079,,,,,,0.01,
1654,55.84,40,30.67,0.941079,,,,,,0.01,
1655,48.08,34,30.69,0.942014,105.279053,,,,,0.01,
1656,55.78,41,30.69,0.942014,,,,,,0.01,
1657,51.62,37,30.7,0.942014,,,,,,0.01,
1658,50.55,36,30.7,0.942014,,,,,,0.01,
1659,49.86,36,30.71,0.942014,,,,,,0.01,
1660,51.66,36,30.73,0.94302,107.634872,,,,,0.01,
1661,48.21,34,30.73,0.94302,,,,,,0.01,
1662,49.83,35,30.74,0.94302,,,,,,0.01,
1663,51.05,36,30.74,0.94302,,,,,,0.01,
1664,48.39,35,30.74,0.94302,,,,,,0.01,
1665,54.68,38,30.76,0.943912,104.008034,,,,,0.01,
1666,50.64,36,30.77,0.943912,,,,,,0.01,
1667,49.0,35,30.77,0.943912,,,,,,0.01,
1668,54.03,37,30.78,0.943912,,,,,,0.01,
1669,52.96,37,30.78,0.943912,,,,,,0.01,
1670,55.32,40,30.8,0.944932,108.077332,,,,,0.01,
1671,56.25,39,30.81,0.944932,,,,,,0.01,
1672,56.23,39,30.81,0.944932,,,,,,0.01,
1673,53.7,38,30.82,0.944932,,,,,,0.01,
1674,49.09,35,30.82,0.944932,,,,,,0.01,
1675,54.26,39,30.84,0.945745,107.357224,,,,,0.01,
1676,52.9,37,30.85,0.945745,,,,,,0.01,
1677,54.4,38,30.85,0.945745,,,,,,0.01,
1678,54.5,38,30.86,0.945745,,,,,,0.01,
1679,51.02,35,30.86,0.945745,,,,,,0.01,
1680,51.68,36,30.88,0.946592,110.207008,,,,,0.01,
1681,61.61,44,30.88,0.946592,,,,,,0.01,
1682,57.15,40,30.89,0.946592,,,,,,0.01,
1683,58.5,41,30.89,0.946592,,,,,,0.01,
1684,59.81,42,30.9,0.946592,,,,,,0.01,
1685,56.31,39,30.92,0.947457,117.663818,,,,,0.01,
1686,58.54,40,30.93,0.947457,,,,,,0.01,
1687,60.94,43,30.93,0.947457,,,,,,0.01,
1688,58.86,41,30.94,0.947457,,,,,,0.01,
1689,58.67,41,30.94,0.947457,,,,,,0.01,
1690,59.46,42,30.96,0.947967,115.401382,,,,,0.01,
1691,64.25,45,30.97,0.947967,,,,,,0.01,
1692,64.78,46,30.97,0.947967,,,,,,0.01,
1693,58.3,40,30.98,0.947967,,,,,,0.01,
1694,60.04,41,30.99,0.947967,,,,,,0.01,
1695,62.95,44,31.01,0.948027,118.740982,,,,,0.01,
1696,62.67,44,31.01,0.948027,,,,,,0.01,
1697,63.02,44,31.02,0.948027,,,,,,0.01,
1698,62.22,43,31.02,0.948027,,,,,,0.01,
1699,62.4,43,31.03,0.948027,,,,,,0.01,
1700,64.75,45,31.05,0.947906,120.266174,,,,,0.01,
1701,70.81,50,31.11,0.947906,,,,,,0.01,
1702,70.56,49,31.11,0.947906,,,,,,0.01,
1703,66.01,46,31.12,0.947906,,,,,,0.01,
1704,65.07,45,31.12,0.947906,,,,,,0.01,
1705,67.7,47,31.15,0.94769,129.219391,,,,,0.01,
1706,73.09,51,31.16,0.94769,,,,,,0.01,
1707,66.36,45,31.16,0.94769,,,,,,0.01,
1708,72.45,51,31.17,0.94769,,,,,,0.01,
1709,68.17,47,31.17,0.94769,,,,,,0.01,
1710,67.07,46,31.2,0.947982,137.719055,,,,,0.01,
1711,73.16,51,31.21,0.947982,,,,,,0.01,
1712,71.91,49,31.21,0.947982,,,,,,0.01,
1713,70.65,48,31.22,0.947982,,,,,,0.01,
1714,63.88,44,31.22,0.947982,,,,,,0.01,
1715,71.28,49,31.25,0.948928,139.579941,,,,,0.01,
1716,75.14,52,31.25,0.948928,,,,,,0.01,
1717,77.32,54,31.26,0.948928,,,,,,0.01,
1718,75.62,52,31.27,0.948928,,,,,,0.01,
1719,78.23,54,31.28,0.948928,,,,,,0.01,
1720,72.29,49,31.3,0.949734,141.085632,,,,,0.01,
1721,77.53,53,31.31,0.949734,,,,,,0.01,
1722,72.2,49,31.32,0.949734,,,,,,0.01,
1723,72.91,49,31.32,0.949734,,,,,,0.01,
1724,79.18,55,31.33,0.949734,,,,,,0.01,
1725,78.75,55,31.36,0.950619,145.395096,,,,,0.01,
1726,76.29,53,31.36,0.950619,,,,,,0.01,
1727,79.74,55,31.37,0.950619,,,,,,0.01,
1728,84.04,58,31.38,0.950619,,,,,,0.01,
1729,77.86,53,31.38,0.950619,,,,,,0.01,
1730,71.95,48,31.41,0.950646,138.471771,,,,,0.01,
1731,72.74,49,31.42,0.950646,,,,,,0.01,
1732,77.01,52,31.42,0.950646,,,,,,0.01,
1733,80.63,55,31.43,0.950646,,,,,,0.01,
1734,78.18,54,31.44,0.950646,,,,,,0.01,
1735,81.59,56,31.47,0.951151,151.412003,,,,,0.01,
1736,79.86,54,31.47,0.951151,,,,,,0.01,
1737,79.91,55,31.48,0.951151,,,,,,0.01,
1738,83.57,58,31.49,0.951151,,,,,,0.01,
1739,81.17,55,31.5,0.951151,,,,,,0.01,
1740,81.66,57,31.52,0.951701,151.364502,,,,,0.01,
1741,82.31,56,31.53,0.951701,,,,,,0.01,
1742,81.52,55,31.54,0.951701,,,,,,0.01,
1743,79.71,54,31.55,0.951701,,,,,,0.01,
1744,81.65,56,31.55,0.951701,,,,,,0.01,
1745,77.0,52,31.58,0.952094,148.210632,,,,,0.01,
1746,79.97,54,31.59,0.952094,,,,,,0.01,
1747,82.27,56,31.6,0.952094,,,,,,0.01,
1748,83.89,57,31.6,0.952094,,,,,,0.01,
1749,85.64,59,31.61,0.952094,,,,,,0.01,
1750,83.02,57,31.64,0.952041,149.19017,,,,,0.01,
1751,80.22,55,31.71,0.952041,,,,,,0.01,
1752,79.51,54,31.71,0.952041,,,,,,0.01,
1753,84.03,57,31.72,0.952041,,,,,,0.01,
1754,82.84,56,31.73,0.952041,,,,,,0.01,
1755,88.2,60,31.76,0.952048,154.428116,,,,,0.01,
1756,82.54,57,31.77,0.952048,,,,,,0.01,
1757,83.44,57,31.77,0.952048,,,,,,0.01,
1758,83.43,57,31.78,0.952048,,,,,,0.01,
1759,77.52,53,31.79,0.952048,,,,,,0.01,
1760,81.34,55,31.82,0.951449,145.751831,,,,,0.01,
1761,79.94,55,31.82,0.951449,,,,,,0.01,
1762,76.42,51,31.83,0.951449,,,,,,0.01,
1763,85.31,59,31.84,0.951449,,,,,,0.01,
1764,80.77,55,31.85,0.951449,,,,,,0.01,
1765,84.02,58,31.87,0.950797,149.264648,,,,,0.01,
1766,86.17,59,31.88,0.950797,,,,,,0.01,
1767,82.26,57,31.89,0.950797,,,,,,0.01,
1768,83.06,57,31.9,0.950797,,,,,,0.01,
1769,80.57,55,31.9,0.950797,,,,,,0.01,
1770,81.33,56,31.93,0.950012,150.234711,,,,,0.01,
1771,80.63,55,31.94,0.950012,,,,,,0.01,
1772,79.07,54,31.95,0.950012,,,,,,0.01,
1773,79.85,54,31.95,0.950012,,,,,,0.01,
1774,86.41,60,31.96,0.950012,,,,,,0.01,
1775,84.24,58,31.99,0.949008,148.416458,,,,,0.01,
1776,80.43,56,32.0,0.949008,,,,,,0.01,
1777,82.21,57,32.0,0.949008,,,,,,0.01,
1778,77.24,53,32.01,0.949008,,,,,,0.01,
1779,78.4,53,32.02,0.949008,,,,,,0.01,
1780,91.5,63,32.05,0.947518,146.480255,,,,,0.01,
1781,78.73,54,32.06,0.947518,,,,,,0.01,
1782,79.77,55,32.06,0.947518,,,,,,0.01,
1783,77.5,53,32.07,0.947518,,,,,,0.01,
1784,85.47,59,32.08,0.947518,,,,,,0.01,
1785,83.55,57,32.11,0.946367,152.223831,,,,,0.01,
1786,78.68,54,32.11,0.946367,,,,,,0.01,
1787,85.76,59,32.12,0.946367,,,,,,0.01,
1788,75.37,51,32.13,0.946367,,,,,,0.01,
1789,79.99,55,32.13,0.946367,,,,,,0.01,
1790,80.31,56,32.16,0.944729,144.10376,,,,,0.01,
1791,77.7,53,32.17,0.944729,,,,,,0.01,
1792,80.56,57,32.18,0.944729,,,,,,0.01,
1793,82.07,58,32.19,0.944729,,,,,,0.01,
1794,79.04,55,32.2,0.944729,,,,,,0.01,
1795,75.61,52,32.22,0.943447,147.56955,,,,,0.01,
1796,77.44,54,32.23,0.943447,,,,,,0.01,
1797,77.77,55,32.24,0.943447,,,,,,0.01,
1798,74.91,52,32.24,0.943447,,,,,,0.01,
1799,76.83,53,32.27,0.943447,,,,,,0.01,
1800,73.99,51,32.29,0.942214,140.067322,,,,,0.01,
1801,75.71,53,32.35,0.942214,,,,,,0.01,
1802,74.66,52,32.36,0.942214,,,,,,0.01,
1803,75.03,52,32.37,0.942214,,,,,,0.01,
1804,71.71,49,32.37,0.942214,,,,,,0.01,
1805,80.79,58,32.4,0.940785,136.42981,,,,,0.01,
1806,71.99,51,32.41,0.940785,,,,,,0.01,
1807,70.28,49,32.42,0.940785,,,,,,0.01,
1808,71.35,50,32.42,0.940785,,,,,,0.01,
1809,73.23,52,32.43,0.940785,,,,,,0.01,
1810,68.06,47,32.45,0.939835,136.603882,,,,,0.01,
1811,70.48,50,32.46,0.939835,,,,,,0.01,
1812,67.19,47,32.47,0.939835,,,,,,0.01,
1813,71.56,51,32.47,0.939835,,,,,,0.01,
1814,56.36,39,32.48,0.939835,,,,,,0.01,
1815,70.9,50,32.5,0.939096,129.097214,,,,,0.01,
1816,66.46,47,32.51,0.939096,,,,,,0.01,
1817,70.16,50,32.51,0.939096,,,,,,0.01,
1818,67.27,47,32.52,0.939096,,,,,,0.01,
1819,71.88,52,32.53,0.939096,,,,,,0.01,
1820,68.39,48,32.55,0.938638,130.396469,,,,,0.01,
1821,62.29,44,32.56,0.938638,,,,,,0.01,
1822,67.58,49,32.56,0.938638,,,,,,0.01,
1823,56.78,39,32.57,0.938638,,,,,,0.01,
1824,69.6,50,32.58,0.938638,,,,,,0.01,
1825,60.29,42,32.6,0.938258,122.39299,,,,,0.01,
1826,70.97,51,32.6,0.938258,,,,,,0.01,
1827,71.37,52,32.61,0.938258,,,,,,0.01,
1828,66.85,49,32.62,0.938258,,,,,,0.01,
1829,67.79,49,32.62,0.938258,,,,,,0.01,
1830,55.26,39,32.65,0.938022,126.366425,,,,,0.01,
1831,63.8,46,32.65,0.938022,,,,,,0.01,
1832,64.15,47,32.66,0.938022,,,,,,0.01,
1833,63.75,46,32.67,0.938022,,,,,,0.01,
1834,57.89,41,32.67,0.938022,,,,,,0.01,
1835,71.1,52,32.7,0.937973,124.400871,,,,,0.01,
1836,57.79,41,32.7,0.937973,,,,,,0.01,
1837,58.78,42,32.71,0.937973,,,,,,0.01,
1838,61.03,44,32.71,0.937973,,,,,,0.01,
1839,70.16,52,32.72,0.937973,,,,,,0.01,
1840,58.85,42,32.74,0.937701,116.91581,,,,,0.01,
1841,62.55,46,32.75,0.937701,,,,,,0.01,
1842,59.47,43,32.75,0.937701,,,,,,0.01,
1843,58.55,42,32.76,0.937701,,,,,,0.01,
1844,65.41,48,32.76,0.937701,,,,,,0.01,
1845,56.02,40,32.78,0.937236,115.521049,,,,,0.01,
1846,61.54,45,32.79,0.937236,,,,,,0.01,
1847,58.74,43,32.8,0.937236,,,,,,0.01,
1848,56.61,41,32.8,0.937236,,,,,,0.01,
1849,53.09,38,32.81,0.937236,,,,,,0.01,
1850,58.33,43,32.83,0.936884,113.195107,,,,,0.01,
1851,65.27,49,32.88,0.936884,,,,,,0.01,
1852,56.55,41,32.88,0.936884,,,,,,0.01,
1853,60.15,44,32.89,0.936884,,,,,,0.01,
1854,62.24,46,32.9,0.936884,,,,,,0.01,
1855,58.69,43,32.92,0.936944,119.718979,,,,,0.01,
1856,59.52,44,32.92,0.936944,,,,,,0.01,
1857,62.01,46,32.93,0.936944,,,,,,0.01,
1858,62.89,47,32.94,0.936944,,,,,,0.01,
1859,63.63,48,32.94,0.936944,,,,,,0.01,
1860,58.6,43,32.97,0.937909,123.479416,,,,,0.01,
1861,61.03,45,32.97,0.937909,,,,,,0.01,
1862,52.88,38,32.98,0.937909,,,,,,0.01,
1863,58.73,43,32.98,0.937909,,,,,,0.01,
1864,54.95,40,32.99,0.937909,,,,,,0.01,
1865,63.68,48,33.01,0.939045,115.673225,,,,,0.01,
1866,53.87,39,33.01,0.939045,,,,,,0.01,
1867,56.87,42,33.02,0.939045,,,,,,0.01,
1868,60.05,45,33.03,0.939045,,,,,,0.01,
1869,62.43,47,33.03,0.939045,,,,,,0.01,
1870,57.51,42,33.05,0.940424,116.665024,,,,,0.01,
1871,62.7,47,33.06,0.940424,,,,,,0.01,
1872,57.29,42,33.07,0.940424,,,,,,0.01,
1873,54.32,39,33.07,0.940424,,,,,,0.01,
1874,54.73,40,33.08,0.940424,,,,,,0.01,
1875,63.97,49,33.1,0.941767,115.871056,,,,,0.01,
1876,66.85,51,33.1,0.941767,,,,,,0.01,
1877,63.87,48,33.11,0.941767,,,,,,0.01,
1878,58.39,43,33.12,0.941767,,,,,,0.01,
1879,56.01,41,33.12,0.941767,,,,,,0.01,
1880,62.57,47,33.15,0.942983,118.079979,,,,,0.01,
1881,62.16,46,33.15,0.942983,,,,,,0.01,
1882,61.71,46,33.16,0.942983,,,,,,0.01,
1883,58.08,43,33.16,0.942983,,,,,,0.01,
1884,60.01,45,33.17,0.942983,,,,,,0.01,
1885,59.68,45,33.19,0.943727,113.436935,,,,,0.01,
1886,56.57,42,33.2,0.943727,,,,,,0.01,
1887,61.31,46,33.2,0.943727,,,,,,0.01,
1888,65.68,50,33.21,0.943727,,,,,,0.01,
1889,58.13,43,33.21,0.943727,,,,,,0.01,
1890,54.67,40,33.24,0.944767,118.648117,,,,,0.01,
1891,60.76,45,33.24,0.944767,,,,,,0.01,
1892,63.43,48,33.25,0.944767,,,,,,0.01,
1893,61.54,46,33.25,0.944767,,,,,,0.01,
1894,61.75,46,33.26,0.944767,,,,,,0.01,
1895,57.04,42,33.28,0.945872,118.751724,,,,,0.01,
1896,65.94,50,33.29,0.945872,,,,,,0.01,
1897,62.18,46,33.29,0.945872,,,,,,0.01,
1898,63.81,48,33.3,0.945872,,,,,,0.01,
1899,63.44,47,33.31,0.945872,,,,,,0.01,
1900,63.06,47,33.33,0.946645,118.906105,,,,,0.01,
1901,63.64,47,33.39,0.946645,,,,,,0.01,
1902,67.54,51,33.39,0.946645,,,,,,0.01,
1903,64.77,48,33.4,0.946645,,,,,,0.01,
1904,60.42,44,33.41,0.946645,,,,,,0.01,
1905,64.09,47,33.43,0.947601,124.011078,,,,,0.01,
1906,66.61,49,33.44,0.947601,,,,,,0.01,
1907,61.33,44,33.44,0.947601,,,,,,0.01,
1908,70.96,53,33.45,0.947601,,,,,,0.01,
1909,62.14,46,33.46,0.947601,,,,,,0.01,
1910,73.15,55,33.48,0.947965,122.632927,,,,,0.01,
1911,67.39,50,33.49,0.947965,,,,,,0.01,
1912,64.79,47,33.49,0.947965,,,,,,0.01,
1913,62.38,45,33.5,0.947965,,,,,,0.01,
1914,66.7,49,33.51,0.947965,,,,,,0.01,
1915,68.64,50,33.53,0.948461,126.312675,,,,,0.01,
1916,68.8,51,33.54,0.948461,,,,,,0.01,
1917,67.44,49,33.54,0.948461,,,,,,0.01,
1918,68.93,50,33.55,0.948461,,,,,,0.01,
1919,68.6,50,33.56,0.948461,,,,,,0.01,
1920,69.85,51,33.58,0.948994,129.526581,,,,,0.01,
1921,60.93,43,33.59,0.948994,,,,,,0.01,
1922,63.31,45,33.59,0.948994,,,,,,0.01,
1923,67.77,49,33.6,0.948994,,,,,,0.01,
1924,70.39,52,33.61,0.948994,,,,,,0.01,
1925,70.96,52,33.63,0.949086,123.751541,,,,,0.01,
1926,63.83,46,33.64,0.949086,,,,,,0.01,
1927,63.33,45,33.64,0.949086,,,,,,0.01,
1928,65.43,47,33.65,0.949086,,,,,,0.01,
1929,67.71,49,33.66,0.949086,,,,,,0.01,
1930,69.87,51,33.68,0.949221,125.838448,,,,,0.01,
1931,64.52,46,33.69,0.949221,,,,,,0.01,
1932,64.54,46,33.69,0.949221,,,,,,0.01,
1933,65.37,47,33.7,0.949221,,,,,,0.01,
1934,63.95,45,33.7,0.949221,,,,,,0.01,
1935,72.57,53,33.73,0.94961,129.705978,,,,,0.01,
1936,63.14,44,33.73,0.94961,,,,,,0.01,
1937,69.54,50,33.74,0.94961,,,,,,0.01,
1938,71.69,52,33.75,0.94961,,,,,,0.01,
1939,69.46,50,33.75,0.94961,,,,,,0.01,
1940,60.8,43,33.78,0.949403,125.183868,,,,,0.01,
1941,65.61,46,33.78,0.949403,,,,,,0.01,
1942,60.4,42,33.79,0.949403,,,,,,0.01,
1943,68.82,49,33.8,0.949403,,,,,,0.01,
1944,76.62,56,33.8,0.949403,,,,,,0.01,
1945,55.4,39,33.83,0.949032,124.806015,,,,,0.01,
1946,72.01,52,33.83,0.949032,,,,,,0.01,
1947,72.79,52,33.84,0.949032,,,,,,0.01,
1948,73.02,52,33.85,0.949032,,,,,,0.01,
1949,70.14,50,33.85,0.949032,,,,,,0.01,
1950,68.59,49,33.88,0.94847,131.587845,,,,,0.01,
1951,72.13,52,33.93,0.94847,,,,,,0.01,
1952,69.29,49,33.94,0.94847,,,,,,0.01,
1953,70.45,51,33.95,0.94847,,,,,,0.01,
1954,66.89,47,33.95,0.94847,,,,,,0.01,
1955,72.33,52,33.98,0.947505,128.426315,,,,,0.01,
1956,60.04,43,33.98,0.947505,,,,,,0.01,
1957,73.17,53,33.99,0.947505,,,,,,0.01,
1958,69.13,49,34.0,0.947505,,,,,,0.01,
1959,70.5,50,34.0,0.947505,,,,,,0.01,
1960,65.7,46,34.03,0.946927,132.053207,,,,,0.01,
1961,69.52,49,34.03,0.946927,,,,,,0.01,
1962,69.22,49,34.04,0.946927,,,,,,0.01,
1963,72.61,52,34.05,0.946927,,,,,,0.01,
1964,74.55,54,34.05,0.946927,,,,,,0.01,
1965,65.32,46,34.08,0.946072,129.239929,,,,,0.01,
1966,73.38,53,34.09,0.946072,,,,,,0.01,
1967,71.13,51,34.09,0.946072,,,,,,0.01,
1968,73.65,53,34.1,0.946072,,,,,,0.01,
1969,68.68,49,34.11,0.946072,,,,,,0.01,
1970,76.2,56,34.13,0.945184,134.311493,,,,,0.01,
1971,72.85,52,34.14,0.945184,,,,,,0.01,
1972,66.88,47,34.15,0.945184,,,,,,0.01,
1973,70.07,50,34.15,0.945184,,,,,,0.01,
1974,76.8,55,34.16,0.945184,,,,,,0.01,
1975,62.59,45,34.18,0.944075,127.710159,,,,,0.01,
1976,70.86,51,34.19,0.944075,,,,,,0.01,
1977,66.89,47,34.2,0.944075,,,,,,0.01,
1978,71.56,51,34.2,0.944075,,,,,,0.01,
1979,73.36,53,34.21,0.944075,,,,,,0.01,
1980,71.31,51,34.24,0.942835,131.495178,,,,,0.01,
1981,65.36,46,34.24,0.942835,,,,,,0.01,
1982,65.9,47,34.25,0.942835,,,,,,0.01,
1983,69.88,50,34.25,0.942835,,,,,,0.01,
1984,65.22,46,34.26,0.942835,,,,,,0.01,
1985,67.58,48,34.28,0.941441,124.935303,,,,,0.01,
1986,65.74,47,34.29,0.941441,,,,,,0.01,
1987,70.66,51,34.3,0.941441,,,,,,0.01,
1988,65.99,47,34.3,0.941441,,,,,,0.01,
1989,66.71,47,34.31,0.941441,,,,,,0.01,
1990,60.28,43,34.33,0.940218,126.449051,,,,,0.01,
1991,70.53,51,34.34,0.940218,,,,,,0.01,
1992,67.15,48,34.35,0.940218,,,,,,0.01,
1993,72.25,52,34.35,0.940218,,,,,,0.01,
1994,71.95,52,34.36,0.940218,,,,,,0.01,
1995,69.76,50,34.39,0.938963,131.055527,,,,,0.01,
1996,64.77,46,34.39,0.938963,,,,,,0.01,
1997,70.67,51,34.4,0.938963,,,,,,0.01,
1998,71.27,52,34.41,0.938963,,,,,,0.01,
1999,68.63,49,34.41,0.938963,,,,,,0.01,
2000,68.16,49,34.44,0.937913,130.084793,,,,,0.01,
